time,zlev,latitude,longitude,sst
UTC,m,degrees_north,degrees_east,degree_C
2015-01-01T12:00:00Z,0.0,27.125,277.375,20.93
2015-01-02T12:00:00Z,0.0,27.125,277.375,21.19
2015-01-03T12:00:00Z,0.0,27.125,277.375,21.29
2015-01-04T12:00:00Z,0.0,27.125,277.375,21.42
2015-01-05T12:00:00Z,0.0,27.125,277.375,21.41
2015-01-06T12:00:00Z,0.0,27.125,277.375,21.14
2015-01-07T12:00:00Z,0.0,27.125,277.375,21.1
2015-01-08T12:00:00Z,0.0,27.125,277.375,20.68
2015-01-09T12:00:00Z,0.0,27.125,277.375,20.45
2015-01-10T12:00:00Z,0.0,27.125,277.375,19.64
2015-01-11T12:00:00Z,0.0,27.125,277.375,19.38
2015-01-12T12:00:00Z,0.0,27.125,277.375,19.39
2015-01-13T12:00:00Z,0.0,27.125,277.375,19.64
2015-01-14T12:00:00Z,0.0,27.125,277.375,19.54
2015-01-15T12:00:00Z,0.0,27.125,277.375,19.54
2015-01-16T12:00:00Z,0.0,27.125,277.375,19.44
2015-01-17T12:00:00Z,0.0,27.125,277.375,19.21
2015-01-18T12:00:00Z,0.0,27.125,277.375,19.22
2015-01-19T12:00:00Z,0.0,27.125,277.375,19.03
2015-01-20T12:00:00Z,0.0,27.125,277.375,19.28
2015-01-21T12:00:00Z,0.0,27.125,277.375,19.43
2015-01-22T12:00:00Z,0.0,27.125,277.375,19.79
2015-01-23T12:00:00Z,0.0,27.125,277.375,19.94
2015-01-24T12:00:00Z,0.0,27.125,277.375,19.72
2015-01-25T12:00:00Z,0.0,27.125,277.375,19.66
2015-01-26T12:00:00Z,0.0,27.125,277.375,19.42
2015-01-27T12:00:00Z,0.0,27.125,277.375,19.2
2015-01-28T12:00:00Z,0.0,27.125,277.375,18.89
2015-01-29T12:00:00Z,0.0,27.125,277.375,18.75
2015-01-30T12:00:00Z,0.0,27.125,277.375,18.68
2015-01-31T12:00:00Z,0.0,27.125,277.375,18.69
2015-02-01T12:00:00Z,0.0,27.125,277.375,18.94
2015-02-02T12:00:00Z,0.0,27.125,277.375,18.84
2015-02-03T12:00:00Z,0.0,27.125,277.375,18.59
2015-02-04T12:00:00Z,0.0,27.125,277.375,18.55
2015-02-05T12:00:00Z,0.0,27.125,277.375,18.11
2015-02-06T12:00:00Z,0.0,27.125,277.375,17.92
2015-02-07T12:00:00Z,0.0,27.125,277.375,17.97
2015-02-08T12:00:00Z,0.0,27.125,277.375,17.98
2015-02-09T12:00:00Z,0.0,27.125,277.375,17.87
2015-02-10T12:00:00Z,0.0,27.125,277.375,17.73
2015-02-11T12:00:00Z,0.0,27.125,277.375,17.8
2015-02-12T12:00:00Z,0.0,27.125,277.375,18.08
2015-02-13T12:00:00Z,0.0,27.125,277.375,17.57
2015-02-14T12:00:00Z,0.0,27.125,277.375,17.13
2015-02-15T12:00:00Z,0.0,27.125,277.375,16.94
2015-02-16T12:00:00Z,0.0,27.125,277.375,16.97
2015-02-17T12:00:00Z,0.0,27.125,277.375,17.24
2015-02-18T12:00:00Z,0.0,27.125,277.375,17.31
2015-02-19T12:00:00Z,0.0,27.125,277.375,16.93
2015-02-20T12:00:00Z,0.0,27.125,277.375,16.66
2015-02-21T12:00:00Z,0.0,27.125,277.375,17.05
2015-02-22T12:00:00Z,0.0,27.125,277.375,17.5
2015-02-23T12:00:00Z,0.0,27.125,277.375,17.8
2015-02-24T12:00:00Z,0.0,27.125,277.375,17.75
2015-02-25T12:00:00Z,0.0,27.125,277.375,17.64
2015-02-26T12:00:00Z,0.0,27.125,277.375,17.79
2015-02-27T12:00:00Z,0.0,27.125,277.375,17.99
2015-02-28T12:00:00Z,0.0,27.125,277.375,18.93
2015-03-01T12:00:00Z,0.0,27.125,277.375,19.34
2015-03-02T12:00:00Z,0.0,27.125,277.375,19.59
2015-03-03T12:00:00Z,0.0,27.125,277.375,20.0
2015-03-04T12:00:00Z,0.0,27.125,277.375,19.91
2015-03-05T12:00:00Z,0.0,27.125,277.375,20.32
2015-03-06T12:00:00Z,0.0,27.125,277.375,20.28
2015-03-07T12:00:00Z,0.0,27.125,277.375,20.49
2015-03-08T12:00:00Z,0.0,27.125,277.375,21.25
2015-03-09T12:00:00Z,0.0,27.125,277.375,21.17
2015-03-10T12:00:00Z,0.0,27.125,277.375,21.11
2015-03-11T12:00:00Z,0.0,27.125,277.375,21.4
2015-03-12T12:00:00Z,0.0,27.125,277.375,21.31
2015-03-13T12:00:00Z,0.0,27.125,277.375,21.37
2015-03-14T12:00:00Z,0.0,27.125,277.375,21.41
2015-03-15T12:00:00Z,0.0,27.125,277.375,21.97
2015-03-16T12:00:00Z,0.0,27.125,277.375,22.08
2015-03-17T12:00:00Z,0.0,27.125,277.375,21.95
2015-03-18T12:00:00Z,0.0,27.125,277.375,22.26
2015-03-19T12:00:00Z,0.0,27.125,277.375,22.82
2015-03-20T12:00:00Z,0.0,27.125,277.375,22.94
2015-03-21T12:00:00Z,0.0,27.125,277.375,23.07
2015-03-22T12:00:00Z,0.0,27.125,277.375,23.23
2015-03-23T12:00:00Z,0.0,27.125,277.375,23.3
2015-03-24T12:00:00Z,0.0,27.125,277.375,23.39
2015-03-25T12:00:00Z,0.0,27.125,277.375,23.8
2015-03-26T12:00:00Z,0.0,27.125,277.375,24.11
2015-03-27T12:00:00Z,0.0,27.125,277.375,23.98
2015-03-28T12:00:00Z,0.0,27.125,277.375,22.47
2015-03-29T12:00:00Z,0.0,27.125,277.375,21.8
2015-03-30T12:00:00Z,0.0,27.125,277.375,21.61
2015-03-31T12:00:00Z,0.0,27.125,277.375,21.7
2015-04-01T12:00:00Z,0.0,27.125,277.375,22.55
2015-04-02T12:00:00Z,0.0,27.125,277.375,23.15
2015-04-03T12:00:00Z,0.0,27.125,277.375,23.16
2015-04-04T12:00:00Z,0.0,27.125,277.375,23.22
2015-04-05T12:00:00Z,0.0,27.125,277.375,23.41
2015-04-06T12:00:00Z,0.0,27.125,277.375,23.59
2015-04-07T12:00:00Z,0.0,27.125,277.375,23.57
2015-04-08T12:00:00Z,0.0,27.125,277.375,23.81
2015-04-09T12:00:00Z,0.0,27.125,277.375,23.98
2015-04-10T12:00:00Z,0.0,27.125,277.375,24.08
2015-04-11T12:00:00Z,0.0,27.125,277.375,24.15
2015-04-12T12:00:00Z,0.0,27.125,277.375,25.22
2015-04-13T12:00:00Z,0.0,27.125,277.375,25.33
2015-04-14T12:00:00Z,0.0,27.125,277.375,25.36
2015-04-15T12:00:00Z,0.0,27.125,277.375,25.52
2015-04-16T12:00:00Z,0.0,27.125,277.375,25.77
2015-04-17T12:00:00Z,0.0,27.125,277.375,26.03
2015-04-18T12:00:00Z,0.0,27.125,277.375,25.84
2015-04-19T12:00:00Z,0.0,27.125,277.375,26.2
2015-04-20T12:00:00Z,0.0,27.125,277.375,26.32
2015-04-21T12:00:00Z,0.0,27.125,277.375,26.25
2015-04-22T12:00:00Z,0.0,27.125,277.375,26.61
2015-04-23T12:00:00Z,0.0,27.125,277.375,26.73
2015-04-24T12:00:00Z,0.0,27.125,277.375,26.89
2015-04-25T12:00:00Z,0.0,27.125,277.375,27.06
2015-04-26T12:00:00Z,0.0,27.125,277.375,27.2
2015-04-27T12:00:00Z,0.0,27.125,277.375,27.2
2015-04-28T12:00:00Z,0.0,27.125,277.375,26.99
2015-04-29T12:00:00Z,0.0,27.125,277.375,26.5
2015-04-30T12:00:00Z,0.0,27.125,277.375,26.33
2015-05-01T12:00:00Z,0.0,27.125,277.375,26.31
2015-05-02T12:00:00Z,0.0,27.125,277.375,26.02
2015-05-03T12:00:00Z,0.0,27.125,277.375,25.84
2015-05-04T12:00:00Z,0.0,27.125,277.375,25.76
2015-05-05T12:00:00Z,0.0,27.125,277.375,25.59
2015-05-06T12:00:00Z,0.0,27.125,277.375,25.54
2015-05-07T12:00:00Z,0.0,27.125,277.375,25.59
2015-05-08T12:00:00Z,0.0,27.125,277.375,25.66
2015-05-09T12:00:00Z,0.0,27.125,277.375,25.87
2015-05-10T12:00:00Z,0.0,27.125,277.375,26.08
2015-05-11T12:00:00Z,0.0,27.125,277.375,26.57
2015-05-12T12:00:00Z,0.0,27.125,277.375,26.75
2015-05-13T12:00:00Z,0.0,27.125,277.375,26.88
2015-05-14T12:00:00Z,0.0,27.125,277.375,27.0
2015-05-15T12:00:00Z,0.0,27.125,277.375,27.16
2015-05-16T12:00:00Z,0.0,27.125,277.375,27.27
2015-05-17T12:00:00Z,0.0,27.125,277.375,27.29
2015-05-18T12:00:00Z,0.0,27.125,277.375,27.4
2015-05-19T12:00:00Z,0.0,27.125,277.375,27.67
2015-05-20T12:00:00Z,0.0,27.125,277.375,27.9
2015-05-21T12:00:00Z,0.0,27.125,277.375,28.08
2015-05-22T12:00:00Z,0.0,27.125,277.375,28.22
2015-05-23T12:00:00Z,0.0,27.125,277.375,28.35
2015-05-24T12:00:00Z,0.0,27.125,277.375,28.47
2015-05-25T12:00:00Z,0.0,27.125,277.375,28.48
2015-05-26T12:00:00Z,0.0,27.125,277.375,28.45
2015-05-27T12:00:00Z,0.0,27.125,277.375,28.5
2015-05-28T12:00:00Z,0.0,27.125,277.375,28.48
2015-05-29T12:00:00Z,0.0,27.125,277.375,28.55
2015-05-30T12:00:00Z,0.0,27.125,277.375,28.59
2015-05-31T12:00:00Z,0.0,27.125,277.375,28.69
2015-06-01T12:00:00Z,0.0,27.125,277.375,28.8
2015-06-02T12:00:00Z,0.0,27.125,277.375,28.81
2015-06-03T12:00:00Z,0.0,27.125,277.375,28.87
2015-06-04T12:00:00Z,0.0,27.125,277.375,28.9
2015-06-05T12:00:00Z,0.0,27.125,277.375,29.11
2015-06-06T12:00:00Z,0.0,27.125,277.375,28.95
2015-06-07T12:00:00Z,0.0,27.125,277.375,28.94
2015-06-08T12:00:00Z,0.0,27.125,277.375,29.01
2015-06-09T12:00:00Z,0.0,27.125,277.375,28.99
2015-06-10T12:00:00Z,0.0,27.125,277.375,28.92
2015-06-11T12:00:00Z,0.0,27.125,277.375,28.8
2015-06-12T12:00:00Z,0.0,27.125,277.375,28.72
2015-06-13T12:00:00Z,0.0,27.125,277.375,28.71
2015-06-14T12:00:00Z,0.0,27.125,277.375,29.11
2015-06-15T12:00:00Z,0.0,27.125,277.375,29.13
2015-06-16T12:00:00Z,0.0,27.125,277.375,29.02
2015-06-17T12:00:00Z,0.0,27.125,277.375,29.22
2015-06-18T12:00:00Z,0.0,27.125,277.375,29.47
2015-06-19T12:00:00Z,0.0,27.125,277.375,29.73
2015-06-20T12:00:00Z,0.0,27.125,277.375,29.82
2015-06-21T12:00:00Z,0.0,27.125,277.375,29.83
2015-06-22T12:00:00Z,0.0,27.125,277.375,29.89
2015-06-23T12:00:00Z,0.0,27.125,277.375,29.98
2015-06-24T12:00:00Z,0.0,27.125,277.375,30.01
2015-06-25T12:00:00Z,0.0,27.125,277.375,30.15
2015-06-26T12:00:00Z,0.0,27.125,277.375,30.4
2015-06-27T12:00:00Z,0.0,27.125,277.375,30.55
2015-06-28T12:00:00Z,0.0,27.125,277.375,30.77
2015-06-29T12:00:00Z,0.0,27.125,277.375,30.54
2015-06-30T12:00:00Z,0.0,27.125,277.375,30.47
2015-07-01T12:00:00Z,0.0,27.125,277.375,30.74
2015-07-02T12:00:00Z,0.0,27.125,277.375,30.84
2015-07-03T12:00:00Z,0.0,27.125,277.375,30.94
2015-07-04T12:00:00Z,0.0,27.125,277.375,31.0
2015-07-05T12:00:00Z,0.0,27.125,277.375,30.98
2015-07-06T12:00:00Z,0.0,27.125,277.375,30.67
2015-07-07T12:00:00Z,0.0,27.125,277.375,30.69
2015-07-08T12:00:00Z,0.0,27.125,277.375,30.63
2015-07-09T12:00:00Z,0.0,27.125,277.375,30.46
2015-07-10T12:00:00Z,0.0,27.125,277.375,30.42
2015-07-11T12:00:00Z,0.0,27.125,277.375,30.43
2015-07-12T12:00:00Z,0.0,27.125,277.375,30.48
2015-07-13T12:00:00Z,0.0,27.125,277.375,30.53
2015-07-14T12:00:00Z,0.0,27.125,277.375,30.77
2015-07-15T12:00:00Z,0.0,27.125,277.375,30.83
2015-07-16T12:00:00Z,0.0,27.125,277.375,30.69
2015-07-17T12:00:00Z,0.0,27.125,277.375,30.41
2015-07-18T12:00:00Z,0.0,27.125,277.375,29.8
2015-07-19T12:00:00Z,0.0,27.125,277.375,29.63
2015-07-20T12:00:00Z,0.0,27.125,277.375,29.71
2015-07-21T12:00:00Z,0.0,27.125,277.375,29.77
2015-07-22T12:00:00Z,0.0,27.125,277.375,29.75
2015-07-23T12:00:00Z,0.0,27.125,277.375,29.83
2015-07-24T12:00:00Z,0.0,27.125,277.375,29.91
2015-07-25T12:00:00Z,0.0,27.125,277.375,29.9
2015-07-26T12:00:00Z,0.0,27.125,277.375,29.75
2015-07-27T12:00:00Z,0.0,27.125,277.375,29.6
2015-07-28T12:00:00Z,0.0,27.125,277.375,29.45
2015-07-29T12:00:00Z,0.0,27.125,277.375,29.37
2015-07-30T12:00:00Z,0.0,27.125,277.375,29.33
2015-07-31T12:00:00Z,0.0,27.125,277.375,29.25
2015-08-01T12:00:00Z,0.0,27.125,277.375,29.15
2015-08-02T12:00:00Z,0.0,27.125,277.375,29.02
2015-08-03T12:00:00Z,0.0,27.125,277.375,28.9
2015-08-04T12:00:00Z,0.0,27.125,277.375,29.02
2015-08-05T12:00:00Z,0.0,27.125,277.375,29.38
2015-08-06T12:00:00Z,0.0,27.125,277.375,29.59
2015-08-07T12:00:00Z,0.0,27.125,277.375,29.55
2015-08-08T12:00:00Z,0.0,27.125,277.375,29.47
2015-08-09T12:00:00Z,0.0,27.125,277.375,29.31
2015-08-10T12:00:00Z,0.0,27.125,277.375,29.52
2015-08-11T12:00:00Z,0.0,27.125,277.375,29.86
2015-08-12T12:00:00Z,0.0,27.125,277.375,30.02
2015-08-13T12:00:00Z,0.0,27.125,277.375,30.15
2015-08-14T12:00:00Z,0.0,27.125,277.375,30.25
2015-08-15T12:00:00Z,0.0,27.125,277.375,30.35
2015-08-16T12:00:00Z,0.0,27.125,277.375,30.06
2015-08-17T12:00:00Z,0.0,27.125,277.375,29.81
2015-08-18T12:00:00Z,0.0,27.125,277.375,30.05
2015-08-19T12:00:00Z,0.0,27.125,277.375,30.47
2015-08-20T12:00:00Z,0.0,27.125,277.375,30.72
2015-08-21T12:00:00Z,0.0,27.125,277.375,30.77
2015-08-22T12:00:00Z,0.0,27.125,277.375,30.75
2015-08-23T12:00:00Z,0.0,27.125,277.375,30.78
2015-08-24T12:00:00Z,0.0,27.125,277.375,30.94
2015-08-25T12:00:00Z,0.0,27.125,277.375,31.38
2015-08-26T12:00:00Z,0.0,27.125,277.375,31.45
2015-08-27T12:00:00Z,0.0,27.125,277.375,31.28
2015-08-28T12:00:00Z,0.0,27.125,277.375,30.92
2015-08-29T12:00:00Z,0.0,27.125,277.375,30.78
2015-08-30T12:00:00Z,0.0,27.125,277.375,30.56
2015-08-31T12:00:00Z,0.0,27.125,277.375,29.99
2015-09-01T12:00:00Z,0.0,27.125,277.375,29.79
2015-09-02T12:00:00Z,0.0,27.125,277.375,30.0
2015-09-03T12:00:00Z,0.0,27.125,277.375,30.45
2015-09-04T12:00:00Z,0.0,27.125,277.375,30.62
2015-09-05T12:00:00Z,0.0,27.125,277.375,30.58
2015-09-06T12:00:00Z,0.0,27.125,277.375,30.39
2015-09-07T12:00:00Z,0.0,27.125,277.375,30.29
2015-09-08T12:00:00Z,0.0,27.125,277.375,30.27
2015-09-09T12:00:00Z,0.0,27.125,277.375,30.36
2015-09-10T12:00:00Z,0.0,27.125,277.375,30.69
2015-09-11T12:00:00Z,0.0,27.125,277.375,30.85
2015-09-12T12:00:00Z,0.0,27.125,277.375,30.8
2015-09-13T12:00:00Z,0.0,27.125,277.375,30.57
2015-09-14T12:00:00Z,0.0,27.125,277.375,30.39
2015-09-15T12:00:00Z,0.0,27.125,277.375,30.31
2015-09-16T12:00:00Z,0.0,27.125,277.375,30.18
2015-09-17T12:00:00Z,0.0,27.125,277.375,29.84
2015-09-18T12:00:00Z,0.0,27.125,277.375,29.58
2015-09-19T12:00:00Z,0.0,27.125,277.375,29.41
2015-09-20T12:00:00Z,0.0,27.125,277.375,29.38
2015-09-21T12:00:00Z,0.0,27.125,277.375,29.59
2015-09-22T12:00:00Z,0.0,27.125,277.375,29.69
2015-09-23T12:00:00Z,0.0,27.125,277.375,29.71
2015-09-24T12:00:00Z,0.0,27.125,277.375,29.67
2015-09-25T12:00:00Z,0.0,27.125,277.375,29.56
2015-09-26T12:00:00Z,0.0,27.125,277.375,29.66
2015-09-27T12:00:00Z,0.0,27.125,277.375,29.8
2015-09-28T12:00:00Z,0.0,27.125,277.375,29.65
2015-09-29T12:00:00Z,0.0,27.125,277.375,29.4
2015-09-30T12:00:00Z,0.0,27.125,277.375,29.39
2015-10-01T12:00:00Z,0.0,27.125,277.375,29.39
2015-10-02T12:00:00Z,0.0,27.125,277.375,29.3
2015-10-03T12:00:00Z,0.0,27.125,277.375,29.16
2015-10-04T12:00:00Z,0.0,27.125,277.375,28.94
2015-10-05T12:00:00Z,0.0,27.125,277.375,28.58
2015-10-06T12:00:00Z,0.0,27.125,277.375,28.17
2015-10-07T12:00:00Z,0.0,27.125,277.375,28.01
2015-10-08T12:00:00Z,0.0,27.125,277.375,27.98
2015-10-09T12:00:00Z,0.0,27.125,277.375,28.14
2015-10-10T12:00:00Z,0.0,27.125,277.375,28.1
2015-10-11T12:00:00Z,0.0,27.125,277.375,27.76
2015-10-12T12:00:00Z,0.0,27.125,277.375,27.74
2015-10-13T12:00:00Z,0.0,27.125,277.375,27.77
2015-10-14T12:00:00Z,0.0,27.125,277.375,27.73
2015-10-15T12:00:00Z,0.0,27.125,277.375,27.74
2015-10-16T12:00:00Z,0.0,27.125,277.375,27.75
2015-10-17T12:00:00Z,0.0,27.125,277.375,27.51
2015-10-18T12:00:00Z,0.0,27.125,277.375,27.11
2015-10-19T12:00:00Z,0.0,27.125,277.375,26.58
2015-10-20T12:00:00Z,0.0,27.125,277.375,26.34
2015-10-21T12:00:00Z,0.0,27.125,277.375,26.25
2015-10-22T12:00:00Z,0.0,27.125,277.375,26.26
2015-10-23T12:00:00Z,0.0,27.125,277.375,26.09
2015-10-24T12:00:00Z,0.0,27.125,277.375,26.03
2015-10-25T12:00:00Z,0.0,27.125,277.375,26.08
2015-10-26T12:00:00Z,0.0,27.125,277.375,26.12
2015-10-27T12:00:00Z,0.0,27.125,277.375,25.96
2015-10-28T12:00:00Z,0.0,27.125,277.375,25.97
2015-10-29T12:00:00Z,0.0,27.125,277.375,26.14
2015-10-30T12:00:00Z,0.0,27.125,277.375,26.29
2015-10-31T12:00:00Z,0.0,27.125,277.375,26.32
2015-11-01T12:00:00Z,0.0,27.125,277.375,26.04
2015-11-02T12:00:00Z,0.0,27.125,277.375,26.09
2015-11-03T12:00:00Z,0.0,27.125,277.375,26.35
2015-11-04T12:00:00Z,0.0,27.125,277.375,26.77
2015-11-05T12:00:00Z,0.0,27.125,277.375,26.78
2015-11-06T12:00:00Z,0.0,27.125,277.375,26.69
2015-11-07T12:00:00Z,0.0,27.125,277.375,26.72
2015-11-08T12:00:00Z,0.0,27.125,277.375,26.79
2015-11-09T12:00:00Z,0.0,27.125,277.375,26.88
2015-11-10T12:00:00Z,0.0,27.125,277.375,26.57
2015-11-11T12:00:00Z,0.0,27.125,277.375,26.47
2015-11-12T12:00:00Z,0.0,27.125,277.375,26.6
2015-11-13T12:00:00Z,0.0,27.125,277.375,26.66
2015-11-14T12:00:00Z,0.0,27.125,277.375,26.58
2015-11-15T12:00:00Z,0.0,27.125,277.375,26.14
2015-11-16T12:00:00Z,0.0,27.125,277.375,25.7
2015-11-17T12:00:00Z,0.0,27.125,277.375,25.42
2015-11-18T12:00:00Z,0.0,27.125,277.375,25.4
2015-11-19T12:00:00Z,0.0,27.125,277.375,25.53
2015-11-20T12:00:00Z,0.0,27.125,277.375,25.82
2015-11-21T12:00:00Z,0.0,27.125,277.375,25.72
2015-11-22T12:00:00Z,0.0,27.125,277.375,25.39
2015-11-23T12:00:00Z,0.0,27.125,277.375,25.08
2015-11-24T12:00:00Z,0.0,27.125,277.375,24.81
2015-11-25T12:00:00Z,0.0,27.125,277.375,24.67
2015-11-26T12:00:00Z,0.0,27.125,277.375,24.06
2015-11-27T12:00:00Z,0.0,27.125,277.375,23.72
2015-11-28T12:00:00Z,0.0,27.125,277.375,23.66
2015-11-29T12:00:00Z,0.0,27.125,277.375,23.52
2015-11-30T12:00:00Z,0.0,27.125,277.375,23.49
2015-12-01T12:00:00Z,0.0,27.125,277.375,23.52
2015-12-02T12:00:00Z,0.0,27.125,277.375,23.66
2015-12-03T12:00:00Z,0.0,27.125,277.375,23.74
2015-12-04T12:00:00Z,0.0,27.125,277.375,23.21
2015-12-05T12:00:00Z,0.0,27.125,277.375,22.9
2015-12-06T12:00:00Z,0.0,27.125,277.375,23.08
2015-12-07T12:00:00Z,0.0,27.125,277.375,23.59
2015-12-08T12:00:00Z,0.0,27.125,277.375,23.35
2015-12-09T12:00:00Z,0.0,27.125,277.375,22.93
2015-12-10T12:00:00Z,0.0,27.125,277.375,22.63
2015-12-11T12:00:00Z,0.0,27.125,277.375,22.58
2015-12-12T12:00:00Z,0.0,27.125,277.375,22.68
2015-12-13T12:00:00Z,0.0,27.125,277.375,22.86
2015-12-14T12:00:00Z,0.0,27.125,277.375,23.09
2015-12-15T12:00:00Z,0.0,27.125,277.375,23.49
2015-12-16T12:00:00Z,0.0,27.125,277.375,23.62
2015-12-17T12:00:00Z,0.0,27.125,277.375,23.8
2015-12-18T12:00:00Z,0.0,27.125,277.375,23.23
2015-12-19T12:00:00Z,0.0,27.125,277.375,22.43
2015-12-20T12:00:00Z,0.0,27.125,277.375,22.03
2015-12-21T12:00:00Z,0.0,27.125,277.375,22.04
2015-12-22T12:00:00Z,0.0,27.125,277.375,22.13
2015-12-23T12:00:00Z,0.0,27.125,277.375,22.35
2015-12-24T12:00:00Z,0.0,27.125,277.375,22.72
2015-12-25T12:00:00Z,0.0,27.125,277.375,22.88
2015-12-26T12:00:00Z,0.0,27.125,277.375,22.94
2015-12-27T12:00:00Z,0.0,27.125,277.375,23.06
2015-12-28T12:00:00Z,0.0,27.125,277.375,23.1
2015-12-29T12:00:00Z,0.0,27.125,277.375,23.09
2015-12-30T12:00:00Z,0.0,27.125,277.375,23.16
2015-12-31T12:00:00Z,0.0,27.125,277.375,23.31
2016-01-01T12:00:00Z,0.0,27.125,277.375,23.57
2016-01-02T12:00:00Z,0.0,27.125,277.375,23.44
2016-01-03T12:00:00Z,0.0,27.125,277.375,23.16
2016-01-04T12:00:00Z,0.0,27.125,277.375,22.66
2016-01-05T12:00:00Z,0.0,27.125,277.375,22.12
2016-01-06T12:00:00Z,0.0,27.125,277.375,21.94
2016-01-07T12:00:00Z,0.0,27.125,277.375,21.51
2016-01-08T12:00:00Z,0.0,27.125,277.375,21.75
2016-01-09T12:00:00Z,0.0,27.125,277.375,22.03
2016-01-10T12:00:00Z,0.0,27.125,277.375,21.8
2016-01-11T12:00:00Z,0.0,27.125,277.375,21.24
2016-01-12T12:00:00Z,0.0,27.125,277.375,20.81
2016-01-13T12:00:00Z,0.0,27.125,277.375,20.61
2016-01-14T12:00:00Z,0.0,27.125,277.375,20.04
2016-01-15T12:00:00Z,0.0,27.125,277.375,19.92
2016-01-16T12:00:00Z,0.0,27.125,277.375,20.04
2016-01-17T12:00:00Z,0.0,27.125,277.375,20.1
2016-01-18T12:00:00Z,0.0,27.125,277.375,19.88
2016-01-19T12:00:00Z,0.0,27.125,277.375,19.53
2016-01-20T12:00:00Z,0.0,27.125,277.375,19.22
2016-01-21T12:00:00Z,0.0,27.125,277.375,18.76
2016-01-22T12:00:00Z,0.0,27.125,277.375,18.55
2016-01-23T12:00:00Z,0.0,27.125,277.375,18.27
2016-01-24T12:00:00Z,0.0,27.125,277.375,17.93
2016-01-25T12:00:00Z,0.0,27.125,277.375,17.86
2016-01-26T12:00:00Z,0.0,27.125,277.375,17.89
2016-01-27T12:00:00Z,0.0,27.125,277.375,17.98
2016-01-28T12:00:00Z,0.0,27.125,277.375,17.82
2016-01-29T12:00:00Z,0.0,27.125,277.375,17.5
2016-01-30T12:00:00Z,0.0,27.125,277.375,17.34
2016-01-31T12:00:00Z,0.0,27.125,277.375,17.73
2016-02-01T12:00:00Z,0.0,27.125,277.375,17.98
2016-02-02T12:00:00Z,0.0,27.125,277.375,18.57
2016-02-03T12:00:00Z,0.0,27.125,277.375,19.05
2016-02-04T12:00:00Z,0.0,27.125,277.375,18.89
2016-02-05T12:00:00Z,0.0,27.125,277.375,18.38
2016-02-06T12:00:00Z,0.0,27.125,277.375,18.1
2016-02-07T12:00:00Z,0.0,27.125,277.375,17.57
2016-02-08T12:00:00Z,0.0,27.125,277.375,17.32
2016-02-09T12:00:00Z,0.0,27.125,277.375,17.2
2016-02-10T12:00:00Z,0.0,27.125,277.375,16.49
2016-02-11T12:00:00Z,0.0,27.125,277.375,16.22
2016-02-12T12:00:00Z,0.0,27.125,277.375,16.18
2016-02-13T12:00:00Z,0.0,27.125,277.375,16.87
2016-02-14T12:00:00Z,0.0,27.125,277.375,17.01
2016-02-15T12:00:00Z,0.0,27.125,277.375,16.9
2016-02-16T12:00:00Z,0.0,27.125,277.375,17.22
2016-02-17T12:00:00Z,0.0,27.125,277.375,17.34
2016-02-18T12:00:00Z,0.0,27.125,277.375,17.3
2016-02-19T12:00:00Z,0.0,27.125,277.375,17.48
2016-02-20T12:00:00Z,0.0,27.125,277.375,17.75
2016-02-21T12:00:00Z,0.0,27.125,277.375,18.18
2016-02-22T12:00:00Z,0.0,27.125,277.375,18.75
2016-02-23T12:00:00Z,0.0,27.125,277.375,19.24
2016-02-24T12:00:00Z,0.0,27.125,277.375,19.29
2016-02-25T12:00:00Z,0.0,27.125,277.375,18.78
2016-02-26T12:00:00Z,0.0,27.125,277.375,18.67
2016-02-27T12:00:00Z,0.0,27.125,277.375,18.61
2016-02-28T12:00:00Z,0.0,27.125,277.375,18.69
2016-02-29T12:00:00Z,0.0,27.125,277.375,18.64
2016-03-01T12:00:00Z,0.0,27.125,277.375,18.89
2016-03-02T12:00:00Z,0.0,27.125,277.375,18.97
2016-03-03T12:00:00Z,0.0,27.125,277.375,19.27
2016-03-04T12:00:00Z,0.0,27.125,277.375,19.82
2016-03-05T12:00:00Z,0.0,27.125,277.375,18.91
2016-03-06T12:00:00Z,0.0,27.125,277.375,18.74
2016-03-07T12:00:00Z,0.0,27.125,277.375,18.72
2016-03-08T12:00:00Z,0.0,27.125,277.375,19.07
2016-03-09T12:00:00Z,0.0,27.125,277.375,19.06
2016-03-10T12:00:00Z,0.0,27.125,277.375,19.15
2016-03-11T12:00:00Z,0.0,27.125,277.375,19.11
2016-03-12T12:00:00Z,0.0,27.125,277.375,19.53
2016-03-13T12:00:00Z,0.0,27.125,277.375,20.09
2016-03-14T12:00:00Z,0.0,27.125,277.375,19.99
2016-03-15T12:00:00Z,0.0,27.125,277.375,20.29
2016-03-16T12:00:00Z,0.0,27.125,277.375,21.11
2016-03-17T12:00:00Z,0.0,27.125,277.375,21.64
2016-03-18T12:00:00Z,0.0,27.125,277.375,21.54
2016-03-19T12:00:00Z,0.0,27.125,277.375,21.23
2016-03-20T12:00:00Z,0.0,27.125,277.375,21.08
2016-03-21T12:00:00Z,0.0,27.125,277.375,20.52
2016-03-22T12:00:00Z,0.0,27.125,277.375,20.63
2016-03-23T12:00:00Z,0.0,27.125,277.375,20.77
2016-03-24T12:00:00Z,0.0,27.125,277.375,20.93
2016-03-25T12:00:00Z,0.0,27.125,277.375,20.83
2016-03-26T12:00:00Z,0.0,27.125,277.375,20.36
2016-03-27T12:00:00Z,0.0,27.125,277.375,20.79
2016-03-28T12:00:00Z,0.0,27.125,277.375,21.1
2016-03-29T12:00:00Z,0.0,27.125,277.375,21.35
2016-03-30T12:00:00Z,0.0,27.125,277.375,21.62
2016-03-31T12:00:00Z,0.0,27.125,277.375,22.12
2016-04-01T12:00:00Z,0.0,27.125,277.375,22.55
2016-04-02T12:00:00Z,0.0,27.125,277.375,22.87
2016-04-03T12:00:00Z,0.0,27.125,277.375,22.49
2016-04-04T12:00:00Z,0.0,27.125,277.375,22.1
2016-04-05T12:00:00Z,0.0,27.125,277.375,22.13
2016-04-06T12:00:00Z,0.0,27.125,277.375,22.08
2016-04-07T12:00:00Z,0.0,27.125,277.375,22.07
2016-04-08T12:00:00Z,0.0,27.125,277.375,22.23
2016-04-09T12:00:00Z,0.0,27.125,277.375,22.45
2016-04-10T12:00:00Z,0.0,27.125,277.375,22.18
2016-04-11T12:00:00Z,0.0,27.125,277.375,22.18
2016-04-12T12:00:00Z,0.0,27.125,277.375,22.28
2016-04-13T12:00:00Z,0.0,27.125,277.375,22.44
2016-04-14T12:00:00Z,0.0,27.125,277.375,22.57
2016-04-15T12:00:00Z,0.0,27.125,277.375,22.75
2016-04-16T12:00:00Z,0.0,27.125,277.375,22.78
2016-04-17T12:00:00Z,0.0,27.125,277.375,22.56
2016-04-18T12:00:00Z,0.0,27.125,277.375,22.57
2016-04-19T12:00:00Z,0.0,27.125,277.375,22.67
2016-04-20T12:00:00Z,0.0,27.125,277.375,22.65
2016-04-21T12:00:00Z,0.0,27.125,277.375,22.7
2016-04-22T12:00:00Z,0.0,27.125,277.375,22.94
2016-04-23T12:00:00Z,0.0,27.125,277.375,22.88
2016-04-24T12:00:00Z,0.0,27.125,277.375,23.66
2016-04-25T12:00:00Z,0.0,27.125,277.375,24.0
2016-04-26T12:00:00Z,0.0,27.125,277.375,24.2
2016-04-27T12:00:00Z,0.0,27.125,277.375,24.1
2016-04-28T12:00:00Z,0.0,27.125,277.375,24.22
2016-04-29T12:00:00Z,0.0,27.125,277.375,24.31
2016-04-30T12:00:00Z,0.0,27.125,277.375,25.22
2016-05-01T12:00:00Z,0.0,27.125,277.375,25.07
2016-05-02T12:00:00Z,0.0,27.125,277.375,25.43
2016-05-03T12:00:00Z,0.0,27.125,277.375,25.72
2016-05-04T12:00:00Z,0.0,27.125,277.375,25.93
2016-05-05T12:00:00Z,0.0,27.125,277.375,25.23
2016-05-06T12:00:00Z,0.0,27.125,277.375,25.4
2016-05-07T12:00:00Z,0.0,27.125,277.375,24.7
2016-05-08T12:00:00Z,0.0,27.125,277.375,24.54
2016-05-09T12:00:00Z,0.0,27.125,277.375,24.08
2016-05-10T12:00:00Z,0.0,27.125,277.375,24.62
2016-05-11T12:00:00Z,0.0,27.125,277.375,24.86
2016-05-12T12:00:00Z,0.0,27.125,277.375,25.36
2016-05-13T12:00:00Z,0.0,27.125,277.375,25.38
2016-05-14T12:00:00Z,0.0,27.125,277.375,24.98
2016-05-15T12:00:00Z,0.0,27.125,277.375,25.66
2016-05-16T12:00:00Z,0.0,27.125,277.375,25.98
2016-05-17T12:00:00Z,0.0,27.125,277.375,26.04
2016-05-18T12:00:00Z,0.0,27.125,277.375,26.18
2016-05-19T12:00:00Z,0.0,27.125,277.375,25.77
2016-05-20T12:00:00Z,0.0,27.125,277.375,26.25
2016-05-21T12:00:00Z,0.0,27.125,277.375,26.92
2016-05-22T12:00:00Z,0.0,27.125,277.375,26.69
2016-05-23T12:00:00Z,0.0,27.125,277.375,26.88
2016-05-24T12:00:00Z,0.0,27.125,277.375,26.84
2016-05-25T12:00:00Z,0.0,27.125,277.375,27.07
2016-05-26T12:00:00Z,0.0,27.125,277.375,26.49
2016-05-27T12:00:00Z,0.0,27.125,277.375,26.21
2016-05-28T12:00:00Z,0.0,27.125,277.375,26.72
2016-05-29T12:00:00Z,0.0,27.125,277.375,27.76
2016-05-30T12:00:00Z,0.0,27.125,277.375,27.23
2016-05-31T12:00:00Z,0.0,27.125,277.375,27.38
2016-06-01T12:00:00Z,0.0,27.125,277.375,28.06
2016-06-02T12:00:00Z,0.0,27.125,277.375,28.24
2016-06-03T12:00:00Z,0.0,27.125,277.375,27.83
2016-06-04T12:00:00Z,0.0,27.125,277.375,28.44
2016-06-05T12:00:00Z,0.0,27.125,277.375,28.55
2016-06-06T12:00:00Z,0.0,27.125,277.375,27.96
2016-06-07T12:00:00Z,0.0,27.125,277.375,27.56
2016-06-08T12:00:00Z,0.0,27.125,277.375,27.32
2016-06-09T12:00:00Z,0.0,27.125,277.375,27.93
2016-06-10T12:00:00Z,0.0,27.125,277.375,28.36
2016-06-11T12:00:00Z,0.0,27.125,277.375,28.67
2016-06-12T12:00:00Z,0.0,27.125,277.375,28.8
2016-06-13T12:00:00Z,0.0,27.125,277.375,28.61
2016-06-14T12:00:00Z,0.0,27.125,277.375,29.38
2016-06-15T12:00:00Z,0.0,27.125,277.375,29.95
2016-06-16T12:00:00Z,0.0,27.125,277.375,29.94
2016-06-17T12:00:00Z,0.0,27.125,277.375,29.49
2016-06-18T12:00:00Z,0.0,27.125,277.375,29.07
2016-06-19T12:00:00Z,0.0,27.125,277.375,29.3
2016-06-20T12:00:00Z,0.0,27.125,277.375,29.06
2016-06-21T12:00:00Z,0.0,27.125,277.375,28.7
2016-06-22T12:00:00Z,0.0,27.125,277.375,28.53
2016-06-23T12:00:00Z,0.0,27.125,277.375,29.45
2016-06-24T12:00:00Z,0.0,27.125,277.375,29.74
2016-06-25T12:00:00Z,0.0,27.125,277.375,29.7
2016-06-26T12:00:00Z,0.0,27.125,277.375,30.03
2016-06-27T12:00:00Z,0.0,27.125,277.375,30.26
2016-06-28T12:00:00Z,0.0,27.125,277.375,30.24
2016-06-29T12:00:00Z,0.0,27.125,277.375,30.14
2016-06-30T12:00:00Z,0.0,27.125,277.375,30.04
2016-07-01T12:00:00Z,0.0,27.125,277.375,30.23
2016-07-02T12:00:00Z,0.0,27.125,277.375,30.41
2016-07-03T12:00:00Z,0.0,27.125,277.375,30.67
2016-07-04T12:00:00Z,0.0,27.125,277.375,30.8
2016-07-05T12:00:00Z,0.0,27.125,277.375,30.94
2016-07-06T12:00:00Z,0.0,27.125,277.375,31.15
2016-07-07T12:00:00Z,0.0,27.125,277.375,31.27
2016-07-08T12:00:00Z,0.0,27.125,277.375,31.89
2016-07-09T12:00:00Z,0.0,27.125,277.375,31.74
2016-07-10T12:00:00Z,0.0,27.125,277.375,31.57
2016-07-11T12:00:00Z,0.0,27.125,277.375,31.52
2016-07-12T12:00:00Z,0.0,27.125,277.375,31.37
2016-07-13T12:00:00Z,0.0,27.125,277.375,31.24
2016-07-14T12:00:00Z,0.0,27.125,277.375,31.12
2016-07-15T12:00:00Z,0.0,27.125,277.375,31.15
2016-07-16T12:00:00Z,0.0,27.125,277.375,31.21
2016-07-17T12:00:00Z,0.0,27.125,277.375,31.04
2016-07-18T12:00:00Z,0.0,27.125,277.375,31.04
2016-07-19T12:00:00Z,0.0,27.125,277.375,31.02
2016-07-20T12:00:00Z,0.0,27.125,277.375,30.93
2016-07-21T12:00:00Z,0.0,27.125,277.375,30.96
2016-07-22T12:00:00Z,0.0,27.125,277.375,30.89
2016-07-23T12:00:00Z,0.0,27.125,277.375,30.6
2016-07-24T12:00:00Z,0.0,27.125,277.375,30.53
2016-07-25T12:00:00Z,0.0,27.125,277.375,30.62
2016-07-26T12:00:00Z,0.0,27.125,277.375,30.48
2016-07-27T12:00:00Z,0.0,27.125,277.375,30.57
2016-07-28T12:00:00Z,0.0,27.125,277.375,30.68
2016-07-29T12:00:00Z,0.0,27.125,277.375,30.76
2016-07-30T12:00:00Z,0.0,27.125,277.375,30.81
2016-07-31T12:00:00Z,0.0,27.125,277.375,30.91
2016-08-01T12:00:00Z,0.0,27.125,277.375,31.15
2016-08-02T12:00:00Z,0.0,27.125,277.375,31.26
2016-08-03T12:00:00Z,0.0,27.125,277.375,31.27
2016-08-04T12:00:00Z,0.0,27.125,277.375,31.2
2016-08-05T12:00:00Z,0.0,27.125,277.375,30.89
2016-08-06T12:00:00Z,0.0,27.125,277.375,30.72
2016-08-07T12:00:00Z,0.0,27.125,277.375,30.48
2016-08-08T12:00:00Z,0.0,27.125,277.375,30.01
2016-08-09T12:00:00Z,0.0,27.125,277.375,29.53
2016-08-10T12:00:00Z,0.0,27.125,277.375,29.57
2016-08-11T12:00:00Z,0.0,27.125,277.375,29.69
2016-08-12T12:00:00Z,0.0,27.125,277.375,29.82
2016-08-13T12:00:00Z,0.0,27.125,277.375,29.66
2016-08-14T12:00:00Z,0.0,27.125,277.375,29.51
2016-08-15T12:00:00Z,0.0,27.125,277.375,29.71
2016-08-16T12:00:00Z,0.0,27.125,277.375,29.9
2016-08-17T12:00:00Z,0.0,27.125,277.375,29.85
2016-08-18T12:00:00Z,0.0,27.125,277.375,29.81
2016-08-19T12:00:00Z,0.0,27.125,277.375,29.86
2016-08-20T12:00:00Z,0.0,27.125,277.375,30.13
2016-08-21T12:00:00Z,0.0,27.125,277.375,30.43
2016-08-22T12:00:00Z,0.0,27.125,277.375,30.4
2016-08-23T12:00:00Z,0.0,27.125,277.375,30.53
2016-08-24T12:00:00Z,0.0,27.125,277.375,30.39
2016-08-25T12:00:00Z,0.0,27.125,277.375,30.34
2016-08-26T12:00:00Z,0.0,27.125,277.375,30.1
2016-08-27T12:00:00Z,0.0,27.125,277.375,29.91
2016-08-28T12:00:00Z,0.0,27.125,277.375,29.63
2016-08-29T12:00:00Z,0.0,27.125,277.375,29.48
2016-08-30T12:00:00Z,0.0,27.125,277.375,29.53
2016-08-31T12:00:00Z,0.0,27.125,277.375,29.49
2016-09-01T12:00:00Z,0.0,27.125,277.375,29.22
2016-09-02T12:00:00Z,0.0,27.125,277.375,29.08
2016-09-03T12:00:00Z,0.0,27.125,277.375,29.05
2016-09-04T12:00:00Z,0.0,27.125,277.375,28.88
2016-09-05T12:00:00Z,0.0,27.125,277.375,28.8
2016-09-06T12:00:00Z,0.0,27.125,277.375,28.88
2016-09-07T12:00:00Z,0.0,27.125,277.375,28.81
2016-09-08T12:00:00Z,0.0,27.125,277.375,28.7
2016-09-09T12:00:00Z,0.0,27.125,277.375,28.65
2016-09-10T12:00:00Z,0.0,27.125,277.375,28.9
2016-09-11T12:00:00Z,0.0,27.125,277.375,29.47
2016-09-12T12:00:00Z,0.0,27.125,277.375,29.57
2016-09-13T12:00:00Z,0.0,27.125,277.375,29.53
2016-09-14T12:00:00Z,0.0,27.125,277.375,29.42
2016-09-15T12:00:00Z,0.0,27.125,277.375,29.7
2016-09-16T12:00:00Z,0.0,27.125,277.375,29.73
2016-09-17T12:00:00Z,0.0,27.125,277.375,29.4
2016-09-18T12:00:00Z,0.0,27.125,277.375,29.28
2016-09-19T12:00:00Z,0.0,27.125,277.375,29.81
2016-09-20T12:00:00Z,0.0,27.125,277.375,30.11
2016-09-21T12:00:00Z,0.0,27.125,277.375,30.47
2016-09-22T12:00:00Z,0.0,27.125,277.375,30.7
2016-09-23T12:00:00Z,0.0,27.125,277.375,30.6
2016-09-24T12:00:00Z,0.0,27.125,277.375,30.39
2016-09-25T12:00:00Z,0.0,27.125,277.375,30.14
2016-09-26T12:00:00Z,0.0,27.125,277.375,30.27
2016-09-27T12:00:00Z,0.0,27.125,277.375,30.38
2016-09-28T12:00:00Z,0.0,27.125,277.375,30.18
2016-09-29T12:00:00Z,0.0,27.125,277.375,29.86
2016-09-30T12:00:00Z,0.0,27.125,277.375,29.23
2016-10-01T12:00:00Z,0.0,27.125,277.375,29.49
2016-10-02T12:00:00Z,0.0,27.125,277.375,29.72
2016-10-03T12:00:00Z,0.0,27.125,277.375,29.38
2016-10-04T12:00:00Z,0.0,27.125,277.375,29.15
2016-10-05T12:00:00Z,0.0,27.125,277.375,29.0
2016-10-06T12:00:00Z,0.0,27.125,277.375,28.9
2016-10-07T12:00:00Z,0.0,27.125,277.375,28.69
2016-10-08T12:00:00Z,0.0,27.125,277.375,27.84
2016-10-09T12:00:00Z,0.0,27.125,277.375,27.9
2016-10-10T12:00:00Z,0.0,27.125,277.375,27.87
2016-10-11T12:00:00Z,0.0,27.125,277.375,27.4
2016-10-12T12:00:00Z,0.0,27.125,277.375,26.81
2016-10-13T12:00:00Z,0.0,27.125,277.375,26.9
2016-10-14T12:00:00Z,0.0,27.125,277.375,26.77
2016-10-15T12:00:00Z,0.0,27.125,277.375,26.76
2016-10-16T12:00:00Z,0.0,27.125,277.375,27.0
2016-10-17T12:00:00Z,0.0,27.125,277.375,26.91
2016-10-18T12:00:00Z,0.0,27.125,277.375,26.89
2016-10-19T12:00:00Z,0.0,27.125,277.375,26.83
2016-10-20T12:00:00Z,0.0,27.125,277.375,26.7
2016-10-21T12:00:00Z,0.0,27.125,277.375,26.51
2016-10-22T12:00:00Z,0.0,27.125,277.375,26.35
2016-10-23T12:00:00Z,0.0,27.125,277.375,25.76
2016-10-24T12:00:00Z,0.0,27.125,277.375,25.27
2016-10-25T12:00:00Z,0.0,27.125,277.375,24.94
2016-10-26T12:00:00Z,0.0,27.125,277.375,24.85
2016-10-27T12:00:00Z,0.0,27.125,277.375,24.91
2016-10-28T12:00:00Z,0.0,27.125,277.375,25.08
2016-10-29T12:00:00Z,0.0,27.125,277.375,24.83
2016-10-30T12:00:00Z,0.0,27.125,277.375,24.92
2016-10-31T12:00:00Z,0.0,27.125,277.375,24.93
2016-11-01T12:00:00Z,0.0,27.125,277.375,24.83
2016-11-02T12:00:00Z,0.0,27.125,277.375,24.82
2016-11-03T12:00:00Z,0.0,27.125,277.375,24.93
2016-11-04T12:00:00Z,0.0,27.125,277.375,25.14
2016-11-05T12:00:00Z,0.0,27.125,277.375,25.03
2016-11-06T12:00:00Z,0.0,27.125,277.375,24.85
2016-11-07T12:00:00Z,0.0,27.125,277.375,24.64
2016-11-08T12:00:00Z,0.0,27.125,277.375,24.49
2016-11-09T12:00:00Z,0.0,27.125,277.375,24.53
2016-11-10T12:00:00Z,0.0,27.125,277.375,24.65
2016-11-11T12:00:00Z,0.0,27.125,277.375,24.39
2016-11-12T12:00:00Z,0.0,27.125,277.375,24.41
2016-11-13T12:00:00Z,0.0,27.125,277.375,24.47
2016-11-14T12:00:00Z,0.0,27.125,277.375,24.25
2016-11-15T12:00:00Z,0.0,27.125,277.375,23.75
2016-11-16T12:00:00Z,0.0,27.125,277.375,23.5
2016-11-17T12:00:00Z,0.0,27.125,277.375,23.35
2016-11-18T12:00:00Z,0.0,27.125,277.375,23.24
2016-11-19T12:00:00Z,0.0,27.125,277.375,23.1
2016-11-20T12:00:00Z,0.0,27.125,277.375,22.85
2016-11-21T12:00:00Z,0.0,27.125,277.375,22.33
2016-11-22T12:00:00Z,0.0,27.125,277.375,21.99
2016-11-23T12:00:00Z,0.0,27.125,277.375,21.81
2016-11-24T12:00:00Z,0.0,27.125,277.375,21.75
2016-11-25T12:00:00Z,0.0,27.125,277.375,21.67
2016-11-26T12:00:00Z,0.0,27.125,277.375,21.39
2016-11-27T12:00:00Z,0.0,27.125,277.375,21.34
2016-11-28T12:00:00Z,0.0,27.125,277.375,21.12
2016-11-29T12:00:00Z,0.0,27.125,277.375,21.31
2016-11-30T12:00:00Z,0.0,27.125,277.375,21.45
2016-12-01T12:00:00Z,0.0,27.125,277.375,21.6
2016-12-02T12:00:00Z,0.0,27.125,277.375,21.58
2016-12-03T12:00:00Z,0.0,27.125,277.375,21.43
2016-12-04T12:00:00Z,0.0,27.125,277.375,21.41
2016-12-05T12:00:00Z,0.0,27.125,277.375,21.46
2016-12-06T12:00:00Z,0.0,27.125,277.375,21.73
2016-12-07T12:00:00Z,0.0,27.125,277.375,21.69
2016-12-08T12:00:00Z,0.0,27.125,277.375,21.62
2016-12-09T12:00:00Z,0.0,27.125,277.375,21.43
2016-12-10T12:00:00Z,0.0,27.125,277.375,20.79
2016-12-11T12:00:00Z,0.0,27.125,277.375,20.47
2016-12-12T12:00:00Z,0.0,27.125,277.375,20.78
2016-12-13T12:00:00Z,0.0,27.125,277.375,21.04
2016-12-14T12:00:00Z,0.0,27.125,277.375,21.22
2016-12-15T12:00:00Z,0.0,27.125,277.375,21.05
2016-12-16T12:00:00Z,0.0,27.125,277.375,20.97
2016-12-17T12:00:00Z,0.0,27.125,277.375,21.22
2016-12-18T12:00:00Z,0.0,27.125,277.375,21.64
2016-12-19T12:00:00Z,0.0,27.125,277.375,21.97
2016-12-20T12:00:00Z,0.0,27.125,277.375,22.11
2016-12-21T12:00:00Z,0.0,27.125,277.375,21.76
2016-12-22T12:00:00Z,0.0,27.125,277.375,21.48
2016-12-23T12:00:00Z,0.0,27.125,277.375,21.52
2016-12-24T12:00:00Z,0.0,27.125,277.375,21.5
2016-12-25T12:00:00Z,0.0,27.125,277.375,21.46
2016-12-26T12:00:00Z,0.0,27.125,277.375,21.6
2016-12-27T12:00:00Z,0.0,27.125,277.375,21.66
2016-12-28T12:00:00Z,0.0,27.125,277.375,21.79
2016-12-29T12:00:00Z,0.0,27.125,277.375,21.99
2016-12-30T12:00:00Z,0.0,27.125,277.375,21.62
2016-12-31T12:00:00Z,0.0,27.125,277.375,20.94
2017-01-01T12:00:00Z,0.0,27.125,277.375,20.54
2017-01-02T12:00:00Z,0.0,27.125,277.375,20.7
2017-01-03T12:00:00Z,0.0,27.125,277.375,20.77
2017-01-04T12:00:00Z,0.0,27.125,277.375,20.67
2017-01-05T12:00:00Z,0.0,27.125,277.375,20.44
2017-01-06T12:00:00Z,0.0,27.125,277.375,20.31
2017-01-07T12:00:00Z,0.0,27.125,277.375,20.43
2017-01-08T12:00:00Z,0.0,27.125,277.375,19.82
2017-01-09T12:00:00Z,0.0,27.125,277.375,19.41
2017-01-10T12:00:00Z,0.0,27.125,277.375,18.83
2017-01-11T12:00:00Z,0.0,27.125,277.375,18.66
2017-01-12T12:00:00Z,0.0,27.125,277.375,19.07
2017-01-13T12:00:00Z,0.0,27.125,277.375,19.06
2017-01-14T12:00:00Z,0.0,27.125,277.375,19.43
2017-01-15T12:00:00Z,0.0,27.125,277.375,19.45
2017-01-16T12:00:00Z,0.0,27.125,277.375,19.72
2017-01-17T12:00:00Z,0.0,27.125,277.375,19.84
2017-01-18T12:00:00Z,0.0,27.125,277.375,19.84
2017-01-19T12:00:00Z,0.0,27.125,277.375,20.4
2017-01-20T12:00:00Z,0.0,27.125,277.375,20.17
2017-01-21T12:00:00Z,0.0,27.125,277.375,20.33
2017-01-22T12:00:00Z,0.0,27.125,277.375,20.29
2017-01-23T12:00:00Z,0.0,27.125,277.375,19.94
2017-01-24T12:00:00Z,0.0,27.125,277.375,19.96
2017-01-25T12:00:00Z,0.0,27.125,277.375,19.78
2017-01-26T12:00:00Z,0.0,27.125,277.375,20.08
2017-01-27T12:00:00Z,0.0,27.125,277.375,20.28
2017-01-28T12:00:00Z,0.0,27.125,277.375,19.66
2017-01-29T12:00:00Z,0.0,27.125,277.375,19.06
2017-01-30T12:00:00Z,0.0,27.125,277.375,18.79
2017-01-31T12:00:00Z,0.0,27.125,277.375,18.63
2017-02-01T12:00:00Z,0.0,27.125,277.375,18.69
2017-02-02T12:00:00Z,0.0,27.125,277.375,18.89
2017-02-03T12:00:00Z,0.0,27.125,277.375,18.79
2017-02-04T12:00:00Z,0.0,27.125,277.375,18.44
2017-02-05T12:00:00Z,0.0,27.125,277.375,18.66
2017-02-06T12:00:00Z,0.0,27.125,277.375,18.73
2017-02-07T12:00:00Z,0.0,27.125,277.375,19.25
2017-02-08T12:00:00Z,0.0,27.125,277.375,19.26
2017-02-09T12:00:00Z,0.0,27.125,277.375,19.63
2017-02-10T12:00:00Z,0.0,27.125,277.375,19.41
2017-02-11T12:00:00Z,0.0,27.125,277.375,19.23
2017-02-12T12:00:00Z,0.0,27.125,277.375,19.47
2017-02-13T12:00:00Z,0.0,27.125,277.375,19.55
2017-02-14T12:00:00Z,0.0,27.125,277.375,19.48
2017-02-15T12:00:00Z,0.0,27.125,277.375,20.16
2017-02-16T12:00:00Z,0.0,27.125,277.375,19.86
2017-02-17T12:00:00Z,0.0,27.125,277.375,19.94
2017-02-18T12:00:00Z,0.0,27.125,277.375,19.89
2017-02-19T12:00:00Z,0.0,27.125,277.375,19.96
2017-02-20T12:00:00Z,0.0,27.125,277.375,20.23
2017-02-21T12:00:00Z,0.0,27.125,277.375,20.28
2017-02-22T12:00:00Z,0.0,27.125,277.375,19.97
2017-02-23T12:00:00Z,0.0,27.125,277.375,20.35
2017-02-24T12:00:00Z,0.0,27.125,277.375,20.53
2017-02-25T12:00:00Z,0.0,27.125,277.375,20.56
2017-02-26T12:00:00Z,0.0,27.125,277.375,20.67
2017-02-27T12:00:00Z,0.0,27.125,277.375,20.95
2017-02-28T12:00:00Z,0.0,27.125,277.375,21.15
2017-03-01T12:00:00Z,0.0,27.125,277.375,21.81
2017-03-02T12:00:00Z,0.0,27.125,277.375,22.22
2017-03-03T12:00:00Z,0.0,27.125,277.375,21.87
2017-03-04T12:00:00Z,0.0,27.125,277.375,21.4
2017-03-05T12:00:00Z,0.0,27.125,277.375,21.24
2017-03-06T12:00:00Z,0.0,27.125,277.375,21.14
2017-03-07T12:00:00Z,0.0,27.125,277.375,20.76
2017-03-08T12:00:00Z,0.0,27.125,277.375,20.87
2017-03-09T12:00:00Z,0.0,27.125,277.375,21.29
2017-03-10T12:00:00Z,0.0,27.125,277.375,21.5
2017-03-11T12:00:00Z,0.0,27.125,277.375,21.62
2017-03-12T12:00:00Z,0.0,27.125,277.375,21.7
2017-03-13T12:00:00Z,0.0,27.125,277.375,21.58
2017-03-14T12:00:00Z,0.0,27.125,277.375,21.08
2017-03-15T12:00:00Z,0.0,27.125,277.375,20.5
2017-03-16T12:00:00Z,0.0,27.125,277.375,20.19
2017-03-17T12:00:00Z,0.0,27.125,277.375,19.73
2017-03-18T12:00:00Z,0.0,27.125,277.375,19.68
2017-03-19T12:00:00Z,0.0,27.125,277.375,19.87
2017-03-20T12:00:00Z,0.0,27.125,277.375,19.8
2017-03-21T12:00:00Z,0.0,27.125,277.375,19.69
2017-03-22T12:00:00Z,0.0,27.125,277.375,19.98
2017-03-23T12:00:00Z,0.0,27.125,277.375,20.36
2017-03-24T12:00:00Z,0.0,27.125,277.375,20.46
2017-03-25T12:00:00Z,0.0,27.125,277.375,20.57
2017-03-26T12:00:00Z,0.0,27.125,277.375,21.03
2017-03-27T12:00:00Z,0.0,27.125,277.375,21.37
2017-03-28T12:00:00Z,0.0,27.125,277.375,21.61
2017-03-29T12:00:00Z,0.0,27.125,277.375,21.77
2017-03-30T12:00:00Z,0.0,27.125,277.375,21.93
2017-03-31T12:00:00Z,0.0,27.125,277.375,22.3
2017-04-01T12:00:00Z,0.0,27.125,277.375,22.39
2017-04-02T12:00:00Z,0.0,27.125,277.375,23.11
2017-04-03T12:00:00Z,0.0,27.125,277.375,23.22
2017-04-04T12:00:00Z,0.0,27.125,277.375,23.05
2017-04-05T12:00:00Z,0.0,27.125,277.375,23.34
2017-04-06T12:00:00Z,0.0,27.125,277.375,23.51
2017-04-07T12:00:00Z,0.0,27.125,277.375,23.12
2017-04-08T12:00:00Z,0.0,27.125,277.375,22.73
2017-04-09T12:00:00Z,0.0,27.125,277.375,22.6
2017-04-10T12:00:00Z,0.0,27.125,277.375,22.67
2017-04-11T12:00:00Z,0.0,27.125,277.375,22.69
2017-04-12T12:00:00Z,0.0,27.125,277.375,22.73
2017-04-13T12:00:00Z,0.0,27.125,277.375,22.72
2017-04-14T12:00:00Z,0.0,27.125,277.375,22.79
2017-04-15T12:00:00Z,0.0,27.125,277.375,22.95
2017-04-16T12:00:00Z,0.0,27.125,277.375,22.86
2017-04-17T12:00:00Z,0.0,27.125,277.375,23.04
2017-04-18T12:00:00Z,0.0,27.125,277.375,23.19
2017-04-19T12:00:00Z,0.0,27.125,277.375,23.39
2017-04-20T12:00:00Z,0.0,27.125,277.375,23.53
2017-04-21T12:00:00Z,0.0,27.125,277.375,23.52
2017-04-22T12:00:00Z,0.0,27.125,277.375,23.52
2017-04-23T12:00:00Z,0.0,27.125,277.375,23.57
2017-04-24T12:00:00Z,0.0,27.125,277.375,23.81
2017-04-25T12:00:00Z,0.0,27.125,277.375,23.88
2017-04-26T12:00:00Z,0.0,27.125,277.375,23.89
2017-04-27T12:00:00Z,0.0,27.125,277.375,23.97
2017-04-28T12:00:00Z,0.0,27.125,277.375,24.21
2017-04-29T12:00:00Z,0.0,27.125,277.375,24.5
2017-04-30T12:00:00Z,0.0,27.125,277.375,24.75
2017-05-01T12:00:00Z,0.0,27.125,277.375,25.1
2017-05-02T12:00:00Z,0.0,27.125,277.375,25.51
2017-05-03T12:00:00Z,0.0,27.125,277.375,25.66
2017-05-04T12:00:00Z,0.0,27.125,277.375,25.74
2017-05-05T12:00:00Z,0.0,27.125,277.375,25.62
2017-05-06T12:00:00Z,0.0,27.125,277.375,25.25
2017-05-07T12:00:00Z,0.0,27.125,277.375,25.23
2017-05-08T12:00:00Z,0.0,27.125,277.375,25.33
2017-05-09T12:00:00Z,0.0,27.125,277.375,25.48
2017-05-10T12:00:00Z,0.0,27.125,277.375,25.59
2017-05-11T12:00:00Z,0.0,27.125,277.375,25.95
2017-05-12T12:00:00Z,0.0,27.125,277.375,25.96
2017-05-13T12:00:00Z,0.0,27.125,277.375,25.93
2017-05-14T12:00:00Z,0.0,27.125,277.375,26.02
2017-05-15T12:00:00Z,0.0,27.125,277.375,26.12
2017-05-16T12:00:00Z,0.0,27.125,277.375,26.28
2017-05-17T12:00:00Z,0.0,27.125,277.375,26.4
2017-05-18T12:00:00Z,0.0,27.125,277.375,26.78
2017-05-19T12:00:00Z,0.0,27.125,277.375,27.05
2017-05-20T12:00:00Z,0.0,27.125,277.375,26.95
2017-05-21T12:00:00Z,0.0,27.125,277.375,27.25
2017-05-22T12:00:00Z,0.0,27.125,277.375,27.95
2017-05-23T12:00:00Z,0.0,27.125,277.375,27.77
2017-05-24T12:00:00Z,0.0,27.125,277.375,27.28
2017-05-25T12:00:00Z,0.0,27.125,277.375,27.24
2017-05-26T12:00:00Z,0.0,27.125,277.375,27.49
2017-05-27T12:00:00Z,0.0,27.125,277.375,27.75
2017-05-28T12:00:00Z,0.0,27.125,277.375,27.71
2017-05-29T12:00:00Z,0.0,27.125,277.375,27.91
2017-05-30T12:00:00Z,0.0,27.125,277.375,28.22
2017-05-31T12:00:00Z,0.0,27.125,277.375,28.72
2017-06-01T12:00:00Z,0.0,27.125,277.375,28.69
2017-06-02T12:00:00Z,0.0,27.125,277.375,28.56
2017-06-03T12:00:00Z,0.0,27.125,277.375,28.26
2017-06-04T12:00:00Z,0.0,27.125,277.375,28.28
2017-06-05T12:00:00Z,0.0,27.125,277.375,28.28
2017-06-06T12:00:00Z,0.0,27.125,277.375,28.16
2017-06-07T12:00:00Z,0.0,27.125,277.375,28.14
2017-06-08T12:00:00Z,0.0,27.125,277.375,28.33
2017-06-09T12:00:00Z,0.0,27.125,277.375,28.31
2017-06-10T12:00:00Z,0.0,27.125,277.375,28.41
2017-06-11T12:00:00Z,0.0,27.125,277.375,28.39
2017-06-12T12:00:00Z,0.0,27.125,277.375,28.15
2017-06-13T12:00:00Z,0.0,27.125,277.375,28.15
2017-06-14T12:00:00Z,0.0,27.125,277.375,28.13
2017-06-15T12:00:00Z,0.0,27.125,277.375,28.21
2017-06-16T12:00:00Z,0.0,27.125,277.375,28.5
2017-06-17T12:00:00Z,0.0,27.125,277.375,28.64
2017-06-18T12:00:00Z,0.0,27.125,277.375,28.93
2017-06-19T12:00:00Z,0.0,27.125,277.375,28.96
2017-06-20T12:00:00Z,0.0,27.125,277.375,28.67
2017-06-21T12:00:00Z,0.0,27.125,277.375,28.57
2017-06-22T12:00:00Z,0.0,27.125,277.375,28.63
2017-06-23T12:00:00Z,0.0,27.125,277.375,28.73
2017-06-24T12:00:00Z,0.0,27.125,277.375,28.92
2017-06-25T12:00:00Z,0.0,27.125,277.375,28.96
2017-06-26T12:00:00Z,0.0,27.125,277.375,29.29
2017-06-27T12:00:00Z,0.0,27.125,277.375,29.21
2017-06-28T12:00:00Z,0.0,27.125,277.375,29.5
2017-06-29T12:00:00Z,0.0,27.125,277.375,29.58
2017-06-30T12:00:00Z,0.0,27.125,277.375,29.63
2017-07-01T12:00:00Z,0.0,27.125,277.375,29.83
2017-07-02T12:00:00Z,0.0,27.125,277.375,29.94
2017-07-03T12:00:00Z,0.0,27.125,277.375,30.27
2017-07-04T12:00:00Z,0.0,27.125,277.375,30.41
2017-07-05T12:00:00Z,0.0,27.125,277.375,30.46
2017-07-06T12:00:00Z,0.0,27.125,277.375,30.52
2017-07-07T12:00:00Z,0.0,27.125,277.375,30.71
2017-07-08T12:00:00Z,0.0,27.125,277.375,30.93
2017-07-09T12:00:00Z,0.0,27.125,277.375,30.78
2017-07-10T12:00:00Z,0.0,27.125,277.375,30.61
2017-07-11T12:00:00Z,0.0,27.125,277.375,30.7
2017-07-12T12:00:00Z,0.0,27.125,277.375,30.86
2017-07-13T12:00:00Z,0.0,27.125,277.375,30.75
2017-07-14T12:00:00Z,0.0,27.125,277.375,30.43
2017-07-15T12:00:00Z,0.0,27.125,277.375,30.68
2017-07-16T12:00:00Z,0.0,27.125,277.375,30.83
2017-07-17T12:00:00Z,0.0,27.125,277.375,30.65
2017-07-18T12:00:00Z,0.0,27.125,277.375,30.17
2017-07-19T12:00:00Z,0.0,27.125,277.375,30.45
2017-07-20T12:00:00Z,0.0,27.125,277.375,30.67
2017-07-21T12:00:00Z,0.0,27.125,277.375,30.87
2017-07-22T12:00:00Z,0.0,27.125,277.375,30.88
2017-07-23T12:00:00Z,0.0,27.125,277.375,30.35
2017-07-24T12:00:00Z,0.0,27.125,277.375,30.38
2017-07-25T12:00:00Z,0.0,27.125,277.375,30.57
2017-07-26T12:00:00Z,0.0,27.125,277.375,30.66
2017-07-27T12:00:00Z,0.0,27.125,277.375,30.96
2017-07-28T12:00:00Z,0.0,27.125,277.375,30.91
2017-07-29T12:00:00Z,0.0,27.125,277.375,30.84
2017-07-30T12:00:00Z,0.0,27.125,277.375,30.82
2017-07-31T12:00:00Z,0.0,27.125,277.375,30.29
2017-08-01T12:00:00Z,0.0,27.125,277.375,30.11
2017-08-02T12:00:00Z,0.0,27.125,277.375,30.16
2017-08-03T12:00:00Z,0.0,27.125,277.375,30.35
2017-08-04T12:00:00Z,0.0,27.125,277.375,30.32
2017-08-05T12:00:00Z,0.0,27.125,277.375,30.27
2017-08-06T12:00:00Z,0.0,27.125,277.375,30.43
2017-08-07T12:00:00Z,0.0,27.125,277.375,30.34
2017-08-08T12:00:00Z,0.0,27.125,277.375,30.64
2017-08-09T12:00:00Z,0.0,27.125,277.375,30.95
2017-08-10T12:00:00Z,0.0,27.125,277.375,30.75
2017-08-11T12:00:00Z,0.0,27.125,277.375,30.37
2017-08-12T12:00:00Z,0.0,27.125,277.375,30.56
2017-08-13T12:00:00Z,0.0,27.125,277.375,30.88
2017-08-14T12:00:00Z,0.0,27.125,277.375,31.0
2017-08-15T12:00:00Z,0.0,27.125,277.375,31.37
2017-08-16T12:00:00Z,0.0,27.125,277.375,31.54
2017-08-17T12:00:00Z,0.0,27.125,277.375,31.38
2017-08-18T12:00:00Z,0.0,27.125,277.375,31.6
2017-08-19T12:00:00Z,0.0,27.125,277.375,31.53
2017-08-20T12:00:00Z,0.0,27.125,277.375,31.55
2017-08-21T12:00:00Z,0.0,27.125,277.375,31.32
2017-08-22T12:00:00Z,0.0,27.125,277.375,31.08
2017-08-23T12:00:00Z,0.0,27.125,277.375,31.01
2017-08-24T12:00:00Z,0.0,27.125,277.375,31.1
2017-08-25T12:00:00Z,0.0,27.125,277.375,31.31
2017-08-26T12:00:00Z,0.0,27.125,277.375,31.07
2017-08-27T12:00:00Z,0.0,27.125,277.375,30.73
2017-08-28T12:00:00Z,0.0,27.125,277.375,30.58
2017-08-29T12:00:00Z,0.0,27.125,277.375,30.1
2017-08-30T12:00:00Z,0.0,27.125,277.375,29.98
2017-08-31T12:00:00Z,0.0,27.125,277.375,30.02
2017-09-01T12:00:00Z,0.0,27.125,277.375,30.3
2017-09-02T12:00:00Z,0.0,27.125,277.375,30.5
2017-09-03T12:00:00Z,0.0,27.125,277.375,30.3
2017-09-04T12:00:00Z,0.0,27.125,277.375,30.22
2017-09-05T12:00:00Z,0.0,27.125,277.375,30.35
2017-09-06T12:00:00Z,0.0,27.125,277.375,30.6
2017-09-07T12:00:00Z,0.0,27.125,277.375,30.62
2017-09-08T12:00:00Z,0.0,27.125,277.375,30.54
2017-09-09T12:00:00Z,0.0,27.125,277.375,30.76
2017-09-10T12:00:00Z,0.0,27.125,277.375,30.7
2017-09-11T12:00:00Z,0.0,27.125,277.375,29.49
2017-09-12T12:00:00Z,0.0,27.125,277.375,29.39
2017-09-13T12:00:00Z,0.0,27.125,277.375,29.34
2017-09-14T12:00:00Z,0.0,27.125,277.375,29.29
2017-09-15T12:00:00Z,0.0,27.125,277.375,29.29
2017-09-16T12:00:00Z,0.0,27.125,277.375,29.49
2017-09-17T12:00:00Z,0.0,27.125,277.375,29.54
2017-09-18T12:00:00Z,0.0,27.125,277.375,29.32
2017-09-19T12:00:00Z,0.0,27.125,277.375,28.84
2017-09-20T12:00:00Z,0.0,27.125,277.375,28.83
2017-09-21T12:00:00Z,0.0,27.125,277.375,29.12
2017-09-22T12:00:00Z,0.0,27.125,277.375,29.19
2017-09-23T12:00:00Z,0.0,27.125,277.375,29.08
2017-09-24T12:00:00Z,0.0,27.125,277.375,29.22
2017-09-25T12:00:00Z,0.0,27.125,277.375,29.12
2017-09-26T12:00:00Z,0.0,27.125,277.375,29.47
2017-09-27T12:00:00Z,0.0,27.125,277.375,29.56
2017-09-28T12:00:00Z,0.0,27.125,277.375,29.67
2017-09-29T12:00:00Z,0.0,27.125,277.375,29.7
2017-09-30T12:00:00Z,0.0,27.125,277.375,29.39
2017-10-01T12:00:00Z,0.0,27.125,277.375,29.38
2017-10-02T12:00:00Z,0.0,27.125,277.375,29.4
2017-10-03T12:00:00Z,0.0,27.125,277.375,29.1
2017-10-04T12:00:00Z,0.0,27.125,277.375,28.64
2017-10-05T12:00:00Z,0.0,27.125,277.375,28.31
2017-10-06T12:00:00Z,0.0,27.125,277.375,28.12
2017-10-07T12:00:00Z,0.0,27.125,277.375,28.08
2017-10-08T12:00:00Z,0.0,27.125,277.375,28.04
2017-10-09T12:00:00Z,0.0,27.125,277.375,28.26
2017-10-10T12:00:00Z,0.0,27.125,277.375,28.52
2017-10-11T12:00:00Z,0.0,27.125,277.375,28.6
2017-10-12T12:00:00Z,0.0,27.125,277.375,28.52
2017-10-13T12:00:00Z,0.0,27.125,277.375,28.21
2017-10-14T12:00:00Z,0.0,27.125,277.375,28.13
2017-10-15T12:00:00Z,0.0,27.125,277.375,28.2
2017-10-16T12:00:00Z,0.0,27.125,277.375,28.22
2017-10-17T12:00:00Z,0.0,27.125,277.375,28.21
2017-10-18T12:00:00Z,0.0,27.125,277.375,27.6
2017-10-19T12:00:00Z,0.0,27.125,277.375,27.62
2017-10-20T12:00:00Z,0.0,27.125,277.375,27.61
2017-10-21T12:00:00Z,0.0,27.125,277.375,27.61
2017-10-22T12:00:00Z,0.0,27.125,277.375,27.65
2017-10-23T12:00:00Z,0.0,27.125,277.375,27.64
2017-10-24T12:00:00Z,0.0,27.125,277.375,27.13
2017-10-25T12:00:00Z,0.0,27.125,277.375,26.66
2017-10-26T12:00:00Z,0.0,27.125,277.375,26.14
2017-10-27T12:00:00Z,0.0,27.125,277.375,25.72
2017-10-28T12:00:00Z,0.0,27.125,277.375,25.51
2017-10-29T12:00:00Z,0.0,27.125,277.375,25.07
2017-10-30T12:00:00Z,0.0,27.125,277.375,24.78
2017-10-31T12:00:00Z,0.0,27.125,277.375,24.61
2017-11-01T12:00:00Z,0.0,27.125,277.375,24.57
2017-11-02T12:00:00Z,0.0,27.125,277.375,24.43
2017-11-03T12:00:00Z,0.0,27.125,277.375,24.08
2017-11-04T12:00:00Z,0.0,27.125,277.375,23.78
2017-11-05T12:00:00Z,0.0,27.125,277.375,23.86
2017-11-06T12:00:00Z,0.0,27.125,277.375,23.98
2017-11-07T12:00:00Z,0.0,27.125,277.375,24.08
2017-11-08T12:00:00Z,0.0,27.125,277.375,24.32
2017-11-09T12:00:00Z,0.0,27.125,277.375,24.24
2017-11-10T12:00:00Z,0.0,27.125,277.375,24.06
2017-11-11T12:00:00Z,0.0,27.125,277.375,23.87
2017-11-12T12:00:00Z,0.0,27.125,277.375,23.92
2017-11-13T12:00:00Z,0.0,27.125,277.375,24.1
2017-11-14T12:00:00Z,0.0,27.125,277.375,24.23
2017-11-15T12:00:00Z,0.0,27.125,277.375,23.94
2017-11-16T12:00:00Z,0.0,27.125,277.375,23.74
2017-11-17T12:00:00Z,0.0,27.125,277.375,23.51
2017-11-18T12:00:00Z,0.0,27.125,277.375,23.28
2017-11-19T12:00:00Z,0.0,27.125,277.375,23.17
2017-11-20T12:00:00Z,0.0,27.125,277.375,22.78
2017-11-21T12:00:00Z,0.0,27.125,277.375,22.6
2017-11-22T12:00:00Z,0.0,27.125,277.375,22.99
2017-11-23T12:00:00Z,0.0,27.125,277.375,23.11
2017-11-24T12:00:00Z,0.0,27.125,277.375,22.78
2017-11-25T12:00:00Z,0.0,27.125,277.375,22.67
2017-11-26T12:00:00Z,0.0,27.125,277.375,22.59
2017-11-27T12:00:00Z,0.0,27.125,277.375,22.47
2017-11-28T12:00:00Z,0.0,27.125,277.375,22.39
2017-11-29T12:00:00Z,0.0,27.125,277.375,22.72
2017-11-30T12:00:00Z,0.0,27.125,277.375,22.76
2017-12-01T12:00:00Z,0.0,27.125,277.375,22.89
2017-12-02T12:00:00Z,0.0,27.125,277.375,22.87
2017-12-03T12:00:00Z,0.0,27.125,277.375,22.78
2017-12-04T12:00:00Z,0.0,27.125,277.375,22.85
2017-12-05T12:00:00Z,0.0,27.125,277.375,22.93
2017-12-06T12:00:00Z,0.0,27.125,277.375,23.06
2017-12-07T12:00:00Z,0.0,27.125,277.375,23.07
2017-12-08T12:00:00Z,0.0,27.125,277.375,23.04
2017-12-09T12:00:00Z,0.0,27.125,277.375,22.49
2017-12-10T12:00:00Z,0.0,27.125,277.375,21.92
2017-12-11T12:00:00Z,0.0,27.125,277.375,21.85
2017-12-12T12:00:00Z,0.0,27.125,277.375,21.55
2017-12-13T12:00:00Z,0.0,27.125,277.375,21.18
2017-12-14T12:00:00Z,0.0,27.125,277.375,21.14
2017-12-15T12:00:00Z,0.0,27.125,277.375,21.16
2017-12-16T12:00:00Z,0.0,27.125,277.375,21.23
2017-12-17T12:00:00Z,0.0,27.125,277.375,21.38
2017-12-18T12:00:00Z,0.0,27.125,277.375,21.7
2017-12-19T12:00:00Z,0.0,27.125,277.375,21.72
2017-12-20T12:00:00Z,0.0,27.125,277.375,21.65
2017-12-21T12:00:00Z,0.0,27.125,277.375,21.96
2017-12-22T12:00:00Z,0.0,27.125,277.375,21.94
2017-12-23T12:00:00Z,0.0,27.125,277.375,21.94
2017-12-24T12:00:00Z,0.0,27.125,277.375,22.06
2017-12-25T12:00:00Z,0.0,27.125,277.375,22.02
2017-12-26T12:00:00Z,0.0,27.125,277.375,21.78
2017-12-27T12:00:00Z,0.0,27.125,277.375,21.84
2017-12-28T12:00:00Z,0.0,27.125,277.375,21.78
2017-12-29T12:00:00Z,0.0,27.125,277.375,21.55
2017-12-30T12:00:00Z,0.0,27.125,277.375,21.27
2017-12-31T12:00:00Z,0.0,27.125,277.375,21.17
2018-01-01T12:00:00Z,0.0,27.125,277.375,20.96
2018-01-02T12:00:00Z,0.0,27.125,277.375,19.95
2018-01-03T12:00:00Z,0.0,27.125,277.375,19.06
2018-01-04T12:00:00Z,0.0,27.125,277.375,18.92
2018-01-05T12:00:00Z,0.0,27.125,277.375,19.12
2018-01-06T12:00:00Z,0.0,27.125,277.375,18.37
2018-01-07T12:00:00Z,0.0,27.125,277.375,17.81
2018-01-08T12:00:00Z,0.0,27.125,277.375,17.63
2018-01-09T12:00:00Z,0.0,27.125,277.375,17.69
2018-01-10T12:00:00Z,0.0,27.125,277.375,18.02
2018-01-11T12:00:00Z,0.0,27.125,277.375,18.38
2018-01-12T12:00:00Z,0.0,27.125,277.375,18.28
2018-01-13T12:00:00Z,0.0,27.125,277.375,17.99
2018-01-14T12:00:00Z,0.0,27.125,277.375,17.75
2018-01-15T12:00:00Z,0.0,27.125,277.375,17.01
2018-01-16T12:00:00Z,0.0,27.125,277.375,16.72
2018-01-17T12:00:00Z,0.0,27.125,277.375,16.33
2018-01-18T12:00:00Z,0.0,27.125,277.375,15.64
2018-01-19T12:00:00Z,0.0,27.125,277.375,15.42
2018-01-20T12:00:00Z,0.0,27.125,277.375,15.27
2018-01-21T12:00:00Z,0.0,27.125,277.375,15.33
2018-01-22T12:00:00Z,0.0,27.125,277.375,15.43
2018-01-23T12:00:00Z,0.0,27.125,277.375,15.9
2018-01-24T12:00:00Z,0.0,27.125,277.375,15.92
2018-01-25T12:00:00Z,0.0,27.125,277.375,15.48
2018-01-26T12:00:00Z,0.0,27.125,277.375,15.21
2018-01-27T12:00:00Z,0.0,27.125,277.375,15.45
2018-01-28T12:00:00Z,0.0,27.125,277.375,16.1
2018-01-29T12:00:00Z,0.0,27.125,277.375,16.62
2018-01-30T12:00:00Z,0.0,27.125,277.375,16.03
2018-01-31T12:00:00Z,0.0,27.125,277.375,15.86
2018-02-01T12:00:00Z,0.0,27.125,277.375,16.06
2018-02-02T12:00:00Z,0.0,27.125,277.375,16.64
2018-02-03T12:00:00Z,0.0,27.125,277.375,16.57
2018-02-04T12:00:00Z,0.0,27.125,277.375,16.46
2018-02-05T12:00:00Z,0.0,27.125,277.375,17.16
2018-02-06T12:00:00Z,0.0,27.125,277.375,17.59
2018-02-07T12:00:00Z,0.0,27.125,277.375,18.25
2018-02-08T12:00:00Z,0.0,27.125,277.375,18.59
2018-02-09T12:00:00Z,0.0,27.125,277.375,18.37
2018-02-10T12:00:00Z,0.0,27.125,277.375,18.77
2018-02-11T12:00:00Z,0.0,27.125,277.375,18.77
2018-02-12T12:00:00Z,0.0,27.125,277.375,19.09
2018-02-13T12:00:00Z,0.0,27.125,277.375,19.84
2018-02-14T12:00:00Z,0.0,27.125,277.375,20.32
2018-02-15T12:00:00Z,0.0,27.125,277.375,20.22
2018-02-16T12:00:00Z,0.0,27.125,277.375,20.31
2018-02-17T12:00:00Z,0.0,27.125,277.375,20.62
2018-02-18T12:00:00Z,0.0,27.125,277.375,21.01
2018-02-19T12:00:00Z,0.0,27.125,277.375,20.98
2018-02-20T12:00:00Z,0.0,27.125,277.375,21.3
2018-02-21T12:00:00Z,0.0,27.125,277.375,21.56
2018-02-22T12:00:00Z,0.0,27.125,277.375,21.83
2018-02-23T12:00:00Z,0.0,27.125,277.375,21.92
2018-02-24T12:00:00Z,0.0,27.125,277.375,21.8
2018-02-25T12:00:00Z,0.0,27.125,277.375,22.28
2018-02-26T12:00:00Z,0.0,27.125,277.375,22.67
2018-02-27T12:00:00Z,0.0,27.125,277.375,23.0
2018-02-28T12:00:00Z,0.0,27.125,277.375,23.23
2018-03-01T12:00:00Z,0.0,27.125,277.375,23.05
2018-03-02T12:00:00Z,0.0,27.125,277.375,22.97
2018-03-03T12:00:00Z,0.0,27.125,277.375,22.29
2018-03-04T12:00:00Z,0.0,27.125,277.375,21.97
2018-03-05T12:00:00Z,0.0,27.125,277.375,21.67
2018-03-06T12:00:00Z,0.0,27.125,277.375,21.27
2018-03-07T12:00:00Z,0.0,27.125,277.375,20.93
2018-03-08T12:00:00Z,0.0,27.125,277.375,20.56
2018-03-09T12:00:00Z,0.0,27.125,277.375,20.53
2018-03-10T12:00:00Z,0.0,27.125,277.375,20.02
2018-03-11T12:00:00Z,0.0,27.125,277.375,20.19
2018-03-12T12:00:00Z,0.0,27.125,277.375,20.13
2018-03-13T12:00:00Z,0.0,27.125,277.375,19.99
2018-03-14T12:00:00Z,0.0,27.125,277.375,19.72
2018-03-15T12:00:00Z,0.0,27.125,277.375,19.52
2018-03-16T12:00:00Z,0.0,27.125,277.375,19.54
2018-03-17T12:00:00Z,0.0,27.125,277.375,19.82
2018-03-18T12:00:00Z,0.0,27.125,277.375,20.76
2018-03-19T12:00:00Z,0.0,27.125,277.375,20.9
2018-03-20T12:00:00Z,0.0,27.125,277.375,20.76
2018-03-21T12:00:00Z,0.0,27.125,277.375,20.49
2018-03-22T12:00:00Z,0.0,27.125,277.375,20.16
2018-03-23T12:00:00Z,0.0,27.125,277.375,19.75
2018-03-24T12:00:00Z,0.0,27.125,277.375,19.61
2018-03-25T12:00:00Z,0.0,27.125,277.375,20.14
2018-03-26T12:00:00Z,0.0,27.125,277.375,20.53
2018-03-27T12:00:00Z,0.0,27.125,277.375,20.59
2018-03-28T12:00:00Z,0.0,27.125,277.375,20.52
2018-03-29T12:00:00Z,0.0,27.125,277.375,20.64
2018-03-30T12:00:00Z,0.0,27.125,277.375,20.74
2018-03-31T12:00:00Z,0.0,27.125,277.375,20.79
2018-04-01T12:00:00Z,0.0,27.125,277.375,21.04
2018-04-02T12:00:00Z,0.0,27.125,277.375,21.74
2018-04-03T12:00:00Z,0.0,27.125,277.375,22.11
2018-04-04T12:00:00Z,0.0,27.125,277.375,22.31
2018-04-05T12:00:00Z,0.0,27.125,277.375,22.25
2018-04-06T12:00:00Z,0.0,27.125,277.375,22.17
2018-04-07T12:00:00Z,0.0,27.125,277.375,22.32
2018-04-08T12:00:00Z,0.0,27.125,277.375,22.48
2018-04-09T12:00:00Z,0.0,27.125,277.375,22.92
2018-04-10T12:00:00Z,0.0,27.125,277.375,22.9
2018-04-11T12:00:00Z,0.0,27.125,277.375,22.92
2018-04-12T12:00:00Z,0.0,27.125,277.375,23.08
2018-04-13T12:00:00Z,0.0,27.125,277.375,23.02
2018-04-14T12:00:00Z,0.0,27.125,277.375,22.99
2018-04-15T12:00:00Z,0.0,27.125,277.375,22.88
2018-04-16T12:00:00Z,0.0,27.125,277.375,22.72
2018-04-17T12:00:00Z,0.0,27.125,277.375,22.79
2018-04-18T12:00:00Z,0.0,27.125,277.375,22.74
2018-04-19T12:00:00Z,0.0,27.125,277.375,23.01
2018-04-20T12:00:00Z,0.0,27.125,277.375,23.51
2018-04-21T12:00:00Z,0.0,27.125,277.375,23.56
2018-04-22T12:00:00Z,0.0,27.125,277.375,23.51
2018-04-23T12:00:00Z,0.0,27.125,277.375,23.79
2018-04-24T12:00:00Z,0.0,27.125,277.375,24.02
2018-04-25T12:00:00Z,0.0,27.125,277.375,23.88
2018-04-26T12:00:00Z,0.0,27.125,277.375,23.96
2018-04-27T12:00:00Z,0.0,27.125,277.375,24.15
2018-04-28T12:00:00Z,0.0,27.125,277.375,24.03
2018-04-29T12:00:00Z,0.0,27.125,277.375,23.98
2018-04-30T12:00:00Z,0.0,27.125,277.375,23.92
2018-05-01T12:00:00Z,0.0,27.125,277.375,23.8
2018-05-02T12:00:00Z,0.0,27.125,277.375,23.41
2018-05-03T12:00:00Z,0.0,27.125,277.375,23.62
2018-05-04T12:00:00Z,0.0,27.125,277.375,23.48
2018-05-05T12:00:00Z,0.0,27.125,277.375,23.51
2018-05-06T12:00:00Z,0.0,27.125,277.375,23.72
2018-05-07T12:00:00Z,0.0,27.125,277.375,23.98
2018-05-08T12:00:00Z,0.0,27.125,277.375,24.34
2018-05-09T12:00:00Z,0.0,27.125,277.375,24.38
2018-05-10T12:00:00Z,0.0,27.125,277.375,24.46
2018-05-11T12:00:00Z,0.0,27.125,277.375,24.39
2018-05-12T12:00:00Z,0.0,27.125,277.375,24.46
2018-05-13T12:00:00Z,0.0,27.125,277.375,24.5
2018-05-14T12:00:00Z,0.0,27.125,277.375,24.35
2018-05-15T12:00:00Z,0.0,27.125,277.375,24.27
2018-05-16T12:00:00Z,0.0,27.125,277.375,24.28
2018-05-17T12:00:00Z,0.0,27.125,277.375,24.41
2018-05-18T12:00:00Z,0.0,27.125,277.375,24.55
2018-05-19T12:00:00Z,0.0,27.125,277.375,24.6
2018-05-20T12:00:00Z,0.0,27.125,277.375,24.66
2018-05-21T12:00:00Z,0.0,27.125,277.375,24.56
2018-05-22T12:00:00Z,0.0,27.125,277.375,24.53
2018-05-23T12:00:00Z,0.0,27.125,277.375,25.32
2018-05-24T12:00:00Z,0.0,27.125,277.375,25.76
2018-05-25T12:00:00Z,0.0,27.125,277.375,25.98
2018-05-26T12:00:00Z,0.0,27.125,277.375,25.92
2018-05-27T12:00:00Z,0.0,27.125,277.375,25.57
2018-05-28T12:00:00Z,0.0,27.125,277.375,25.56
2018-05-29T12:00:00Z,0.0,27.125,277.375,25.71
2018-05-30T12:00:00Z,0.0,27.125,277.375,25.86
2018-05-31T12:00:00Z,0.0,27.125,277.375,25.83
2018-06-01T12:00:00Z,0.0,27.125,277.375,26.59
2018-06-02T12:00:00Z,0.0,27.125,277.375,26.85
2018-06-03T12:00:00Z,0.0,27.125,277.375,27.07
2018-06-04T12:00:00Z,0.0,27.125,277.375,27.34
2018-06-05T12:00:00Z,0.0,27.125,277.375,27.45
2018-06-06T12:00:00Z,0.0,27.125,277.375,27.74
2018-06-07T12:00:00Z,0.0,27.125,277.375,27.9
2018-06-08T12:00:00Z,0.0,27.125,277.375,27.83
2018-06-09T12:00:00Z,0.0,27.125,277.375,27.91
2018-06-10T12:00:00Z,0.0,27.125,277.375,28.15
2018-06-11T12:00:00Z,0.0,27.125,277.375,28.65
2018-06-12T12:00:00Z,0.0,27.125,277.375,28.88
2018-06-13T12:00:00Z,0.0,27.125,277.375,28.96
2018-06-14T12:00:00Z,0.0,27.125,277.375,29.11
2018-06-15T12:00:00Z,0.0,27.125,277.375,29.32
2018-06-16T12:00:00Z,0.0,27.125,277.375,29.79
2018-06-17T12:00:00Z,0.0,27.125,277.375,29.86
2018-06-18T12:00:00Z,0.0,27.125,277.375,29.74
2018-06-19T12:00:00Z,0.0,27.125,277.375,29.68
2018-06-20T12:00:00Z,0.0,27.125,277.375,29.86
2018-06-21T12:00:00Z,0.0,27.125,277.375,30.04
2018-06-22T12:00:00Z,0.0,27.125,277.375,30.01
2018-06-23T12:00:00Z,0.0,27.125,277.375,30.07
2018-06-24T12:00:00Z,0.0,27.125,277.375,30.05
2018-06-25T12:00:00Z,0.0,27.125,277.375,29.76
2018-06-26T12:00:00Z,0.0,27.125,277.375,29.65
2018-06-27T12:00:00Z,0.0,27.125,277.375,29.41
2018-06-28T12:00:00Z,0.0,27.125,277.375,29.62
2018-06-29T12:00:00Z,0.0,27.125,277.375,29.73
2018-06-30T12:00:00Z,0.0,27.125,277.375,29.52
2018-07-01T12:00:00Z,0.0,27.125,277.375,29.55
2018-07-02T12:00:00Z,0.0,27.125,277.375,29.71
2018-07-03T12:00:00Z,0.0,27.125,277.375,30.14
2018-07-04T12:00:00Z,0.0,27.125,277.375,30.19
2018-07-05T12:00:00Z,0.0,27.125,277.375,30.07
2018-07-06T12:00:00Z,0.0,27.125,277.375,29.98
2018-07-07T12:00:00Z,0.0,27.125,277.375,30.1
2018-07-08T12:00:00Z,0.0,27.125,277.375,30.22
2018-07-09T12:00:00Z,0.0,27.125,277.375,30.41
2018-07-10T12:00:00Z,0.0,27.125,277.375,30.45
2018-07-11T12:00:00Z,0.0,27.125,277.375,30.47
2018-07-12T12:00:00Z,0.0,27.125,277.375,30.63
2018-07-13T12:00:00Z,0.0,27.125,277.375,30.61
2018-07-14T12:00:00Z,0.0,27.125,277.375,30.7
2018-07-15T12:00:00Z,0.0,27.125,277.375,30.74
2018-07-16T12:00:00Z,0.0,27.125,277.375,30.62
2018-07-17T12:00:00Z,0.0,27.125,277.375,30.79
2018-07-18T12:00:00Z,0.0,27.125,277.375,31.02
2018-07-19T12:00:00Z,0.0,27.125,277.375,30.93
2018-07-20T12:00:00Z,0.0,27.125,277.375,30.82
2018-07-21T12:00:00Z,0.0,27.125,277.375,30.59
2018-07-22T12:00:00Z,0.0,27.125,277.375,30.06
2018-07-23T12:00:00Z,0.0,27.125,277.375,29.78
2018-07-24T12:00:00Z,0.0,27.125,277.375,29.66
2018-07-25T12:00:00Z,0.0,27.125,277.375,29.58
2018-07-26T12:00:00Z,0.0,27.125,277.375,29.71
2018-07-27T12:00:00Z,0.0,27.125,277.375,29.99
2018-07-28T12:00:00Z,0.0,27.125,277.375,30.13
2018-07-29T12:00:00Z,0.0,27.125,277.375,30.19
2018-07-30T12:00:00Z,0.0,27.125,277.375,29.97
2018-07-31T12:00:00Z,0.0,27.125,277.375,29.72
2018-08-01T12:00:00Z,0.0,27.125,277.375,29.51
2018-08-02T12:00:00Z,0.0,27.125,277.375,29.57
2018-08-03T12:00:00Z,0.0,27.125,277.375,29.95
2018-08-04T12:00:00Z,0.0,27.125,277.375,30.09
2018-08-05T12:00:00Z,0.0,27.125,277.375,29.96
2018-08-06T12:00:00Z,0.0,27.125,277.375,30.04
2018-08-07T12:00:00Z,0.0,27.125,277.375,30.05
2018-08-08T12:00:00Z,0.0,27.125,277.375,30.09
2018-08-09T12:00:00Z,0.0,27.125,277.375,29.95
2018-08-10T12:00:00Z,0.0,27.125,277.375,30.07
2018-08-11T12:00:00Z,0.0,27.125,277.375,30.0
2018-08-12T12:00:00Z,0.0,27.125,277.375,30.03
2018-08-13T12:00:00Z,0.0,27.125,277.375,29.95
2018-08-14T12:00:00Z,0.0,27.125,277.375,29.79
2018-08-15T12:00:00Z,0.0,27.125,277.375,29.96
2018-08-16T12:00:00Z,0.0,27.125,277.375,30.16
2018-08-17T12:00:00Z,0.0,27.125,277.375,30.26
2018-08-18T12:00:00Z,0.0,27.125,277.375,30.45
2018-08-19T12:00:00Z,0.0,27.125,277.375,30.45
2018-08-20T12:00:00Z,0.0,27.125,277.375,30.51
2018-08-21T12:00:00Z,0.0,27.125,277.375,30.5
2018-08-22T12:00:00Z,0.0,27.125,277.375,30.45
2018-08-23T12:00:00Z,0.0,27.125,277.375,30.13
2018-08-24T12:00:00Z,0.0,27.125,277.375,30.38
2018-08-25T12:00:00Z,0.0,27.125,277.375,30.53
2018-08-26T12:00:00Z,0.0,27.125,277.375,30.49
2018-08-27T12:00:00Z,0.0,27.125,277.375,30.25
2018-08-28T12:00:00Z,0.0,27.125,277.375,29.77
2018-08-29T12:00:00Z,0.0,27.125,277.375,29.87
2018-08-30T12:00:00Z,0.0,27.125,277.375,29.82
2018-08-31T12:00:00Z,0.0,27.125,277.375,29.62
2018-09-01T12:00:00Z,0.0,27.125,277.375,29.49
2018-09-02T12:00:00Z,0.0,27.125,277.375,29.48
2018-09-03T12:00:00Z,0.0,27.125,277.375,29.42
2018-09-04T12:00:00Z,0.0,27.125,277.375,29.02
2018-09-05T12:00:00Z,0.0,27.125,277.375,28.96
2018-09-06T12:00:00Z,0.0,27.125,277.375,29.03
2018-09-07T12:00:00Z,0.0,27.125,277.375,29.13
2018-09-08T12:00:00Z,0.0,27.125,277.375,29.43
2018-09-09T12:00:00Z,0.0,27.125,277.375,29.77
2018-09-10T12:00:00Z,0.0,27.125,277.375,29.77
2018-09-11T12:00:00Z,0.0,27.125,277.375,29.7
2018-09-12T12:00:00Z,0.0,27.125,277.375,29.81
2018-09-13T12:00:00Z,0.0,27.125,277.375,30.23
2018-09-14T12:00:00Z,0.0,27.125,277.375,30.22
2018-09-15T12:00:00Z,0.0,27.125,277.375,30.11
2018-09-16T12:00:00Z,0.0,27.125,277.375,29.99
2018-09-17T12:00:00Z,0.0,27.125,277.375,30.09
2018-09-18T12:00:00Z,0.0,27.125,277.375,30.44
2018-09-19T12:00:00Z,0.0,27.125,277.375,30.62
2018-09-20T12:00:00Z,0.0,27.125,277.375,30.82
2018-09-21T12:00:00Z,0.0,27.125,277.375,30.85
2018-09-22T12:00:00Z,0.0,27.125,277.375,30.71
2018-09-23T12:00:00Z,0.0,27.125,277.375,30.18
2018-09-24T12:00:00Z,0.0,27.125,277.375,30.15
2018-09-25T12:00:00Z,0.0,27.125,277.375,30.1
2018-09-26T12:00:00Z,0.0,27.125,277.375,30.25
2018-09-27T12:00:00Z,0.0,27.125,277.375,30.29
2018-09-28T12:00:00Z,0.0,27.125,277.375,30.13
2018-09-29T12:00:00Z,0.0,27.125,277.375,29.98
2018-09-30T12:00:00Z,0.0,27.125,277.375,29.8
2018-10-01T12:00:00Z,0.0,27.125,277.375,29.58
2018-10-02T12:00:00Z,0.0,27.125,277.375,29.51
2018-10-03T12:00:00Z,0.0,27.125,277.375,29.15
2018-10-04T12:00:00Z,0.0,27.125,277.375,28.78
2018-10-05T12:00:00Z,0.0,27.125,277.375,28.64
2018-10-06T12:00:00Z,0.0,27.125,277.375,28.71
2018-10-07T12:00:00Z,0.0,27.125,277.375,28.68
2018-10-08T12:00:00Z,0.0,27.125,277.375,28.65
2018-10-09T12:00:00Z,0.0,27.125,277.375,28.46
2018-10-10T12:00:00Z,0.0,27.125,277.375,28.29
2018-10-11T12:00:00Z,0.0,27.125,277.375,28.09
2018-10-12T12:00:00Z,0.0,27.125,277.375,27.78
2018-10-13T12:00:00Z,0.0,27.125,277.375,27.7
2018-10-14T12:00:00Z,0.0,27.125,277.375,27.71
2018-10-15T12:00:00Z,0.0,27.125,277.375,27.94
2018-10-16T12:00:00Z,0.0,27.125,277.375,28.09
2018-10-17T12:00:00Z,0.0,27.125,277.375,28.01
2018-10-18T12:00:00Z,0.0,27.125,277.375,27.93
2018-10-19T12:00:00Z,0.0,27.125,277.375,27.95
2018-10-20T12:00:00Z,0.0,27.125,277.375,27.82
2018-10-21T12:00:00Z,0.0,27.125,277.375,27.77
2018-10-22T12:00:00Z,0.0,27.125,277.375,27.7
2018-10-23T12:00:00Z,0.0,27.125,277.375,27.65
2018-10-24T12:00:00Z,0.0,27.125,277.375,27.61
2018-10-25T12:00:00Z,0.0,27.125,277.375,27.58
2018-10-26T12:00:00Z,0.0,27.125,277.375,27.45
2018-10-27T12:00:00Z,0.0,27.125,277.375,26.75
2018-10-28T12:00:00Z,0.0,27.125,277.375,26.42
2018-10-29T12:00:00Z,0.0,27.125,277.375,26.06
2018-10-30T12:00:00Z,0.0,27.125,277.375,25.88
2018-10-31T12:00:00Z,0.0,27.125,277.375,25.92
2018-11-01T12:00:00Z,0.0,27.125,277.375,25.83
2018-11-02T12:00:00Z,0.0,27.125,277.375,25.64
2018-11-03T12:00:00Z,0.0,27.125,277.375,25.51
2018-11-04T12:00:00Z,0.0,27.125,277.375,25.51
2018-11-05T12:00:00Z,0.0,27.125,277.375,25.69
2018-11-06T12:00:00Z,0.0,27.125,277.375,25.81
2018-11-07T12:00:00Z,0.0,27.125,277.375,25.87
2018-11-08T12:00:00Z,0.0,27.125,277.375,25.94
2018-11-09T12:00:00Z,0.0,27.125,277.375,25.81
2018-11-10T12:00:00Z,0.0,27.125,277.375,25.75
2018-11-11T12:00:00Z,0.0,27.125,277.375,25.48
2018-11-12T12:00:00Z,0.0,27.125,277.375,25.42
2018-11-13T12:00:00Z,0.0,27.125,277.375,25.48
2018-11-14T12:00:00Z,0.0,27.125,277.375,25.42
2018-11-15T12:00:00Z,0.0,27.125,277.375,25.32
2018-11-16T12:00:00Z,0.0,27.125,277.375,24.72
2018-11-17T12:00:00Z,0.0,27.125,277.375,24.21
2018-11-18T12:00:00Z,0.0,27.125,277.375,24.05
2018-11-19T12:00:00Z,0.0,27.125,277.375,24.05
2018-11-20T12:00:00Z,0.0,27.125,277.375,23.97
2018-11-21T12:00:00Z,0.0,27.125,277.375,23.75
2018-11-22T12:00:00Z,0.0,27.125,277.375,23.66
2018-11-23T12:00:00Z,0.0,27.125,277.375,23.48
2018-11-24T12:00:00Z,0.0,27.125,277.375,23.63
2018-11-25T12:00:00Z,0.0,27.125,277.375,23.74
2018-11-26T12:00:00Z,0.0,27.125,277.375,23.94
2018-11-27T12:00:00Z,0.0,27.125,277.375,23.39
2018-11-28T12:00:00Z,0.0,27.125,277.375,22.56
2018-11-29T12:00:00Z,0.0,27.125,277.375,22.55
2018-11-30T12:00:00Z,0.0,27.125,277.375,22.44
2018-12-01T12:00:00Z,0.0,27.125,277.375,22.27
2018-12-02T12:00:00Z,0.0,27.125,277.375,22.37
2018-12-03T12:00:00Z,0.0,27.125,277.375,22.44
2018-12-04T12:00:00Z,0.0,27.125,277.375,22.51
2018-12-05T12:00:00Z,0.0,27.125,277.375,22.04
2018-12-06T12:00:00Z,0.0,27.125,277.375,21.57
2018-12-07T12:00:00Z,0.0,27.125,277.375,21.05
2018-12-08T12:00:00Z,0.0,27.125,277.375,20.82
2018-12-09T12:00:00Z,0.0,27.125,277.375,20.94
2018-12-10T12:00:00Z,0.0,27.125,277.375,20.87
2018-12-11T12:00:00Z,0.0,27.125,277.375,20.25
2018-12-12T12:00:00Z,0.0,27.125,277.375,20.08
2018-12-13T12:00:00Z,0.0,27.125,277.375,20.04
2018-12-14T12:00:00Z,0.0,27.125,277.375,20.03
2018-12-15T12:00:00Z,0.0,27.125,277.375,20.15
2018-12-16T12:00:00Z,0.0,27.125,277.375,20.08
2018-12-17T12:00:00Z,0.0,27.125,277.375,19.92
2018-12-18T12:00:00Z,0.0,27.125,277.375,19.8
2018-12-19T12:00:00Z,0.0,27.125,277.375,19.41
2018-12-20T12:00:00Z,0.0,27.125,277.375,19.32
2018-12-21T12:00:00Z,0.0,27.125,277.375,19.39
2018-12-22T12:00:00Z,0.0,27.125,277.375,18.8
2018-12-23T12:00:00Z,0.0,27.125,277.375,18.58
2018-12-24T12:00:00Z,0.0,27.125,277.375,18.22
2018-12-25T12:00:00Z,0.0,27.125,277.375,18.28
2018-12-26T12:00:00Z,0.0,27.125,277.375,18.4
2018-12-27T12:00:00Z,0.0,27.125,277.375,18.49
2018-12-28T12:00:00Z,0.0,27.125,277.375,19.08
2018-12-29T12:00:00Z,0.0,27.125,277.375,19.83
2018-12-30T12:00:00Z,0.0,27.125,277.375,20.31
2018-12-31T12:00:00Z,0.0,27.125,277.375,20.33
2019-01-01T12:00:00Z,0.0,27.125,277.375,20.37
2019-01-02T12:00:00Z,0.0,27.125,277.375,20.64
2019-01-03T12:00:00Z,0.0,27.125,277.375,20.83
2019-01-04T12:00:00Z,0.0,27.125,277.375,20.71
2019-01-05T12:00:00Z,0.0,27.125,277.375,20.12
2019-01-06T12:00:00Z,0.0,27.125,277.375,19.83
2019-01-07T12:00:00Z,0.0,27.125,277.375,20.07
2019-01-08T12:00:00Z,0.0,27.125,277.375,20.14
2019-01-09T12:00:00Z,0.0,27.125,277.375,19.8
2019-01-10T12:00:00Z,0.0,27.125,277.375,19.31
2019-01-11T12:00:00Z,0.0,27.125,277.375,19.14
2019-01-12T12:00:00Z,0.0,27.125,277.375,19.16
2019-01-13T12:00:00Z,0.0,27.125,277.375,19.34
2019-01-14T12:00:00Z,0.0,27.125,277.375,19.41
2019-01-15T12:00:00Z,0.0,27.125,277.375,19.05
2019-01-16T12:00:00Z,0.0,27.125,277.375,18.83
2019-01-17T12:00:00Z,0.0,27.125,277.375,18.63
2019-01-18T12:00:00Z,0.0,27.125,277.375,18.58
2019-01-19T12:00:00Z,0.0,27.125,277.375,18.94
2019-01-20T12:00:00Z,0.0,27.125,277.375,18.8
2019-01-21T12:00:00Z,0.0,27.125,277.375,18.54
2019-01-22T12:00:00Z,0.0,27.125,277.375,18.42
2019-01-23T12:00:00Z,0.0,27.125,277.375,18.42
2019-01-24T12:00:00Z,0.0,27.125,277.375,18.39
2019-01-25T12:00:00Z,0.0,27.125,277.375,18.24
2019-01-26T12:00:00Z,0.0,27.125,277.375,18.05
2019-01-27T12:00:00Z,0.0,27.125,277.375,17.48
2019-01-28T12:00:00Z,0.0,27.125,277.375,16.58
2019-01-29T12:00:00Z,0.0,27.125,277.375,16.19
2019-01-30T12:00:00Z,0.0,27.125,277.375,16.01
2019-01-31T12:00:00Z,0.0,27.125,277.375,16.07
2019-02-01T12:00:00Z,0.0,27.125,277.375,16.22
2019-02-02T12:00:00Z,0.0,27.125,277.375,16.81
2019-02-03T12:00:00Z,0.0,27.125,277.375,17.62
2019-02-04T12:00:00Z,0.0,27.125,277.375,18.1
2019-02-05T12:00:00Z,0.0,27.125,277.375,18.23
2019-02-06T12:00:00Z,0.0,27.125,277.375,18.25
2019-02-07T12:00:00Z,0.0,27.125,277.375,18.42
2019-02-08T12:00:00Z,0.0,27.125,277.375,18.57
2019-02-09T12:00:00Z,0.0,27.125,277.375,18.69
2019-02-10T12:00:00Z,0.0,27.125,277.375,18.95
2019-02-11T12:00:00Z,0.0,27.125,277.375,19.57
2019-02-12T12:00:00Z,0.0,27.125,277.375,20.16
2019-02-13T12:00:00Z,0.0,27.125,277.375,19.83
2019-02-14T12:00:00Z,0.0,27.125,277.375,18.48
2019-02-15T12:00:00Z,0.0,27.125,277.375,18.32
2019-02-16T12:00:00Z,0.0,27.125,277.375,18.71
2019-02-17T12:00:00Z,0.0,27.125,277.375,19.05
2019-02-18T12:00:00Z,0.0,27.125,277.375,19.23
2019-02-19T12:00:00Z,0.0,27.125,277.375,20.25
2019-02-20T12:00:00Z,0.0,27.125,277.375,20.75
2019-02-21T12:00:00Z,0.0,27.125,277.375,20.62
2019-02-22T12:00:00Z,0.0,27.125,277.375,20.66
2019-02-23T12:00:00Z,0.0,27.125,277.375,20.91
2019-02-24T12:00:00Z,0.0,27.125,277.375,21.23
2019-02-25T12:00:00Z,0.0,27.125,277.375,21.15
2019-02-26T12:00:00Z,0.0,27.125,277.375,21.08
2019-02-27T12:00:00Z,0.0,27.125,277.375,21.09
2019-02-28T12:00:00Z,0.0,27.125,277.375,21.03
2019-03-01T12:00:00Z,0.0,27.125,277.375,21.31
2019-03-02T12:00:00Z,0.0,27.125,277.375,21.92
2019-03-03T12:00:00Z,0.0,27.125,277.375,22.25
2019-03-04T12:00:00Z,0.0,27.125,277.375,22.29
2019-03-05T12:00:00Z,0.0,27.125,277.375,21.89
2019-03-06T12:00:00Z,0.0,27.125,277.375,20.95
2019-03-07T12:00:00Z,0.0,27.125,277.375,20.57
2019-03-08T12:00:00Z,0.0,27.125,277.375,20.53
2019-03-09T12:00:00Z,0.0,27.125,277.375,20.84
2019-03-10T12:00:00Z,0.0,27.125,277.375,21.15
2019-03-11T12:00:00Z,0.0,27.125,277.375,21.91
2019-03-12T12:00:00Z,0.0,27.125,277.375,22.04
2019-03-13T12:00:00Z,0.0,27.125,277.375,21.85
2019-03-14T12:00:00Z,0.0,27.125,277.375,21.83
2019-03-15T12:00:00Z,0.0,27.125,277.375,21.93
2019-03-16T12:00:00Z,0.0,27.125,277.375,22.13
2019-03-17T12:00:00Z,0.0,27.125,277.375,22.46
2019-03-18T12:00:00Z,0.0,27.125,277.375,22.31
2019-03-19T12:00:00Z,0.0,27.125,277.375,21.8
2019-03-20T12:00:00Z,0.0,27.125,277.375,21.23
2019-03-21T12:00:00Z,0.0,27.125,277.375,20.9
2019-03-22T12:00:00Z,0.0,27.125,277.375,20.87
2019-03-23T12:00:00Z,0.0,27.125,277.375,20.85
2019-03-24T12:00:00Z,0.0,27.125,277.375,21.05
2019-03-25T12:00:00Z,0.0,27.125,277.375,21.52
2019-03-26T12:00:00Z,0.0,27.125,277.375,21.52
2019-03-27T12:00:00Z,0.0,27.125,277.375,21.38
2019-03-28T12:00:00Z,0.0,27.125,277.375,21.19
2019-03-29T12:00:00Z,0.0,27.125,277.375,21.09
2019-03-30T12:00:00Z,0.0,27.125,277.375,21.3
2019-03-31T12:00:00Z,0.0,27.125,277.375,21.48
2019-04-01T12:00:00Z,0.0,27.125,277.375,21.46
2019-04-02T12:00:00Z,0.0,27.125,277.375,21.36
2019-04-03T12:00:00Z,0.0,27.125,277.375,21.24
2019-04-04T12:00:00Z,0.0,27.125,277.375,21.45
2019-04-05T12:00:00Z,0.0,27.125,277.375,21.88
2019-04-06T12:00:00Z,0.0,27.125,277.375,22.31
2019-04-07T12:00:00Z,0.0,27.125,277.375,22.8
2019-04-08T12:00:00Z,0.0,27.125,277.375,23.18
2019-04-09T12:00:00Z,0.0,27.125,277.375,22.95
2019-04-10T12:00:00Z,0.0,27.125,277.375,23.01
2019-04-11T12:00:00Z,0.0,27.125,277.375,23.35
2019-04-12T12:00:00Z,0.0,27.125,277.375,23.65
2019-04-13T12:00:00Z,0.0,27.125,277.375,24.02
2019-04-14T12:00:00Z,0.0,27.125,277.375,24.26
2019-04-15T12:00:00Z,0.0,27.125,277.375,24.23
2019-04-16T12:00:00Z,0.0,27.125,277.375,24.34
2019-04-17T12:00:00Z,0.0,27.125,277.375,24.53
2019-04-18T12:00:00Z,0.0,27.125,277.375,24.25
2019-04-19T12:00:00Z,0.0,27.125,277.375,24.21
2019-04-20T12:00:00Z,0.0,27.125,277.375,24.02
2019-04-21T12:00:00Z,0.0,27.125,277.375,23.82
2019-04-22T12:00:00Z,0.0,27.125,277.375,23.82
2019-04-23T12:00:00Z,0.0,27.125,277.375,23.87
2019-04-24T12:00:00Z,0.0,27.125,277.375,23.78
2019-04-25T12:00:00Z,0.0,27.125,277.375,23.84
2019-04-26T12:00:00Z,0.0,27.125,277.375,24.1
2019-04-27T12:00:00Z,0.0,27.125,277.375,24.24
2019-04-28T12:00:00Z,0.0,27.125,277.375,24.36
2019-04-29T12:00:00Z,0.0,27.125,277.375,24.4
2019-04-30T12:00:00Z,0.0,27.125,277.375,24.61
2019-05-01T12:00:00Z,0.0,27.125,277.375,25.05
2019-05-02T12:00:00Z,0.0,27.125,277.375,25.0
2019-05-03T12:00:00Z,0.0,27.125,277.375,25.17
2019-05-04T12:00:00Z,0.0,27.125,277.375,25.46
2019-05-05T12:00:00Z,0.0,27.125,277.375,25.49
2019-05-06T12:00:00Z,0.0,27.125,277.375,25.68
2019-05-07T12:00:00Z,0.0,27.125,277.375,26.15
2019-05-08T12:00:00Z,0.0,27.125,277.375,26.38
2019-05-09T12:00:00Z,0.0,27.125,277.375,26.5
2019-05-10T12:00:00Z,0.0,27.125,277.375,26.4
2019-05-11T12:00:00Z,0.0,27.125,277.375,26.58
2019-05-12T12:00:00Z,0.0,27.125,277.375,27.03
2019-05-13T12:00:00Z,0.0,27.125,277.375,27.09
2019-05-14T12:00:00Z,0.0,27.125,277.375,27.14
2019-05-15T12:00:00Z,0.0,27.125,277.375,26.92
2019-05-16T12:00:00Z,0.0,27.125,277.375,26.8
2019-05-17T12:00:00Z,0.0,27.125,277.375,26.95
2019-05-18T12:00:00Z,0.0,27.125,277.375,26.99
2019-05-19T12:00:00Z,0.0,27.125,277.375,27.0
2019-05-20T12:00:00Z,0.0,27.125,277.375,27.18
2019-05-21T12:00:00Z,0.0,27.125,277.375,27.43
2019-05-22T12:00:00Z,0.0,27.125,277.375,27.61
2019-05-23T12:00:00Z,0.0,27.125,277.375,27.52
2019-05-24T12:00:00Z,0.0,27.125,277.375,27.31
2019-05-25T12:00:00Z,0.0,27.125,277.375,27.37
2019-05-26T12:00:00Z,0.0,27.125,277.375,27.26
2019-05-27T12:00:00Z,0.0,27.125,277.375,27.33
2019-05-28T12:00:00Z,0.0,27.125,277.375,27.69
2019-05-29T12:00:00Z,0.0,27.125,277.375,27.69
2019-05-30T12:00:00Z,0.0,27.125,277.375,27.92
2019-05-31T12:00:00Z,0.0,27.125,277.375,28.28
2019-06-01T12:00:00Z,0.0,27.125,277.375,28.63
2019-06-02T12:00:00Z,0.0,27.125,277.375,28.9
2019-06-03T12:00:00Z,0.0,27.125,277.375,29.17
2019-06-04T12:00:00Z,0.0,27.125,277.375,29.43
2019-06-05T12:00:00Z,0.0,27.125,277.375,29.52
2019-06-06T12:00:00Z,0.0,27.125,277.375,29.59
2019-06-07T12:00:00Z,0.0,27.125,277.375,29.47
2019-06-08T12:00:00Z,0.0,27.125,277.375,29.2
2019-06-09T12:00:00Z,0.0,27.125,277.375,29.11
2019-06-10T12:00:00Z,0.0,27.125,277.375,29.12
2019-06-11T12:00:00Z,0.0,27.125,277.375,29.1
2019-06-12T12:00:00Z,0.0,27.125,277.375,29.34
2019-06-13T12:00:00Z,0.0,27.125,277.375,29.39
2019-06-14T12:00:00Z,0.0,27.125,277.375,29.42
2019-06-15T12:00:00Z,0.0,27.125,277.375,29.42
2019-06-16T12:00:00Z,0.0,27.125,277.375,29.33
2019-06-17T12:00:00Z,0.0,27.125,277.375,28.92
2019-06-18T12:00:00Z,0.0,27.125,277.375,28.77
2019-06-19T12:00:00Z,0.0,27.125,277.375,28.95
2019-06-20T12:00:00Z,0.0,27.125,277.375,29.27
2019-06-21T12:00:00Z,0.0,27.125,277.375,29.56
2019-06-22T12:00:00Z,0.0,27.125,277.375,29.82
2019-06-23T12:00:00Z,0.0,27.125,277.375,30.14
2019-06-24T12:00:00Z,0.0,27.125,277.375,29.88
2019-06-25T12:00:00Z,0.0,27.125,277.375,29.84
2019-06-26T12:00:00Z,0.0,27.125,277.375,30.17
2019-06-27T12:00:00Z,0.0,27.125,277.375,30.54
2019-06-28T12:00:00Z,0.0,27.125,277.375,30.49
2019-06-29T12:00:00Z,0.0,27.125,277.375,30.23
2019-06-30T12:00:00Z,0.0,27.125,277.375,30.17
2019-07-01T12:00:00Z,0.0,27.125,277.375,30.04
2019-07-02T12:00:00Z,0.0,27.125,277.375,30.32
2019-07-03T12:00:00Z,0.0,27.125,277.375,30.34
2019-07-04T12:00:00Z,0.0,27.125,277.375,30.5
2019-07-05T12:00:00Z,0.0,27.125,277.375,30.76
2019-07-06T12:00:00Z,0.0,27.125,277.375,30.72
2019-07-07T12:00:00Z,0.0,27.125,277.375,30.56
2019-07-08T12:00:00Z,0.0,27.125,277.375,30.43
2019-07-09T12:00:00Z,0.0,27.125,277.375,30.25
2019-07-10T12:00:00Z,0.0,27.125,277.375,30.11
2019-07-11T12:00:00Z,0.0,27.125,277.375,30.0
2019-07-12T12:00:00Z,0.0,27.125,277.375,29.91
2019-07-13T12:00:00Z,0.0,27.125,277.375,29.86
2019-07-14T12:00:00Z,0.0,27.125,277.375,29.72
2019-07-15T12:00:00Z,0.0,27.125,277.375,29.76
2019-07-16T12:00:00Z,0.0,27.125,277.375,29.77
2019-07-17T12:00:00Z,0.0,27.125,277.375,29.9
2019-07-18T12:00:00Z,0.0,27.125,277.375,29.66
2019-07-19T12:00:00Z,0.0,27.125,277.375,29.64
2019-07-20T12:00:00Z,0.0,27.125,277.375,29.92
2019-07-21T12:00:00Z,0.0,27.125,277.375,29.93
2019-07-22T12:00:00Z,0.0,27.125,277.375,29.98
2019-07-23T12:00:00Z,0.0,27.125,277.375,29.96
2019-07-24T12:00:00Z,0.0,27.125,277.375,30.01
2019-07-25T12:00:00Z,0.0,27.125,277.375,30.02
2019-07-26T12:00:00Z,0.0,27.125,277.375,29.97
2019-07-27T12:00:00Z,0.0,27.125,277.375,30.16
2019-07-28T12:00:00Z,0.0,27.125,277.375,30.4
2019-07-29T12:00:00Z,0.0,27.125,277.375,30.46
2019-07-30T12:00:00Z,0.0,27.125,277.375,30.43
2019-07-31T12:00:00Z,0.0,27.125,277.375,30.5
2019-08-01T12:00:00Z,0.0,27.125,277.375,30.62
2019-08-02T12:00:00Z,0.0,27.125,277.375,30.63
2019-08-03T12:00:00Z,0.0,27.125,277.375,30.53
2019-08-04T12:00:00Z,0.0,27.125,277.375,30.42
2019-08-05T12:00:00Z,0.0,27.125,277.375,30.51
2019-08-06T12:00:00Z,0.0,27.125,277.375,30.5
2019-08-07T12:00:00Z,0.0,27.125,277.375,30.49
2019-08-08T12:00:00Z,0.0,27.125,277.375,30.53
2019-08-09T12:00:00Z,0.0,27.125,277.375,30.43
2019-08-10T12:00:00Z,0.0,27.125,277.375,30.35
2019-08-11T12:00:00Z,0.0,27.125,277.375,30.25
2019-08-12T12:00:00Z,0.0,27.125,277.375,30.36
2019-08-13T12:00:00Z,0.0,27.125,277.375,30.53
2019-08-14T12:00:00Z,0.0,27.125,277.375,30.58
2019-08-15T12:00:00Z,0.0,27.125,277.375,30.51
2019-08-16T12:00:00Z,0.0,27.125,277.375,30.26
2019-08-17T12:00:00Z,0.0,27.125,277.375,29.95
2019-08-18T12:00:00Z,0.0,27.125,277.375,29.65
2019-08-19T12:00:00Z,0.0,27.125,277.375,29.62
2019-08-20T12:00:00Z,0.0,27.125,277.375,30.08
2019-08-21T12:00:00Z,0.0,27.125,277.375,30.34
2019-08-22T12:00:00Z,0.0,27.125,277.375,30.4
2019-08-23T12:00:00Z,0.0,27.125,277.375,30.29
2019-08-24T12:00:00Z,0.0,27.125,277.375,30.3
2019-08-25T12:00:00Z,0.0,27.125,277.375,30.35
2019-08-26T12:00:00Z,0.0,27.125,277.375,30.18
2019-08-27T12:00:00Z,0.0,27.125,277.375,30.32
2019-08-28T12:00:00Z,0.0,27.125,277.375,30.47
2019-08-29T12:00:00Z,0.0,27.125,277.375,30.48
2019-08-30T12:00:00Z,0.0,27.125,277.375,30.46
2019-08-31T12:00:00Z,0.0,27.125,277.375,30.43
2019-09-01T12:00:00Z,0.0,27.125,277.375,30.32
2019-09-02T12:00:00Z,0.0,27.125,277.375,30.23
2019-09-03T12:00:00Z,0.0,27.125,277.375,30.24
2019-09-04T12:00:00Z,0.0,27.125,277.375,30.29
2019-09-05T12:00:00Z,0.0,27.125,277.375,29.97
2019-09-06T12:00:00Z,0.0,27.125,277.375,29.81
2019-09-07T12:00:00Z,0.0,27.125,277.375,29.96
2019-09-08T12:00:00Z,0.0,27.125,277.375,30.05
2019-09-09T12:00:00Z,0.0,27.125,277.375,30.16
2019-09-10T12:00:00Z,0.0,27.125,277.375,30.45
2019-09-11T12:00:00Z,0.0,27.125,277.375,30.39
2019-09-12T12:00:00Z,0.0,27.125,277.375,30.17
2019-09-13T12:00:00Z,0.0,27.125,277.375,30.07
2019-09-14T12:00:00Z,0.0,27.125,277.375,29.89
2019-09-15T12:00:00Z,0.0,27.125,277.375,29.6
2019-09-16T12:00:00Z,0.0,27.125,277.375,29.66
2019-09-17T12:00:00Z,0.0,27.125,277.375,29.88
2019-09-18T12:00:00Z,0.0,27.125,277.375,29.8
2019-09-19T12:00:00Z,0.0,27.125,277.375,29.56
2019-09-20T12:00:00Z,0.0,27.125,277.375,29.09
2019-09-21T12:00:00Z,0.0,27.125,277.375,28.64
2019-09-22T12:00:00Z,0.0,27.125,277.375,28.52
2019-09-23T12:00:00Z,0.0,27.125,277.375,28.44
2019-09-24T12:00:00Z,0.0,27.125,277.375,28.39
2019-09-25T12:00:00Z,0.0,27.125,277.375,28.38
2019-09-26T12:00:00Z,0.0,27.125,277.375,28.37
2019-09-27T12:00:00Z,0.0,27.125,277.375,28.42
2019-09-28T12:00:00Z,0.0,27.125,277.375,28.49
2019-09-29T12:00:00Z,0.0,27.125,277.375,28.49
2019-09-30T12:00:00Z,0.0,27.125,277.375,28.48
2019-10-01T12:00:00Z,0.0,27.125,277.375,28.48
2019-10-02T12:00:00Z,0.0,27.125,277.375,28.31
2019-10-03T12:00:00Z,0.0,27.125,277.375,28.17
2019-10-04T12:00:00Z,0.0,27.125,277.375,28.19
2019-10-05T12:00:00Z,0.0,27.125,277.375,28.2
2019-10-06T12:00:00Z,0.0,27.125,277.375,28.61
2019-10-07T12:00:00Z,0.0,27.125,277.375,28.62
2019-10-08T12:00:00Z,0.0,27.125,277.375,28.27
2019-10-09T12:00:00Z,0.0,27.125,277.375,28.0
2019-10-10T12:00:00Z,0.0,27.125,277.375,27.8
2019-10-11T12:00:00Z,0.0,27.125,277.375,27.77
2019-10-12T12:00:00Z,0.0,27.125,277.375,27.88
2019-10-13T12:00:00Z,0.0,27.125,277.375,27.98
2019-10-14T12:00:00Z,0.0,27.125,277.375,28.21
2019-10-15T12:00:00Z,0.0,27.125,277.375,28.34
2019-10-16T12:00:00Z,0.0,27.125,277.375,28.37
2019-10-17T12:00:00Z,0.0,27.125,277.375,27.92
2019-10-18T12:00:00Z,0.0,27.125,277.375,27.75
2019-10-19T12:00:00Z,0.0,27.125,277.375,27.81
2019-10-20T12:00:00Z,0.0,27.125,277.375,27.85
2019-10-21T12:00:00Z,0.0,27.125,277.375,27.99
2019-10-22T12:00:00Z,0.0,27.125,277.375,28.09
2019-10-23T12:00:00Z,0.0,27.125,277.375,27.94
2019-10-24T12:00:00Z,0.0,27.125,277.375,28.07
2019-10-25T12:00:00Z,0.0,27.125,277.375,28.22
2019-10-26T12:00:00Z,0.0,27.125,277.375,28.19
2019-10-27T12:00:00Z,0.0,27.125,277.375,28.16
2019-10-28T12:00:00Z,0.0,27.125,277.375,28.32
2019-10-29T12:00:00Z,0.0,27.125,277.375,28.24
2019-10-30T12:00:00Z,0.0,27.125,277.375,28.12
2019-10-31T12:00:00Z,0.0,27.125,277.375,28.15
2019-11-01T12:00:00Z,0.0,27.125,277.375,28.19
2019-11-02T12:00:00Z,0.0,27.125,277.375,27.99
2019-11-03T12:00:00Z,0.0,27.125,277.375,27.44
2019-11-04T12:00:00Z,0.0,27.125,277.375,27.47
2019-11-05T12:00:00Z,0.0,27.125,277.375,27.67
2019-11-06T12:00:00Z,0.0,27.125,277.375,27.74
2019-11-07T12:00:00Z,0.0,27.125,277.375,27.84
2019-11-08T12:00:00Z,0.0,27.125,277.375,27.99
2019-11-09T12:00:00Z,0.0,27.125,277.375,27.26
2019-11-10T12:00:00Z,0.0,27.125,277.375,26.62
2019-11-11T12:00:00Z,0.0,27.125,277.375,26.43
2019-11-12T12:00:00Z,0.0,27.125,277.375,26.44
2019-11-13T12:00:00Z,0.0,27.125,277.375,26.26
2019-11-14T12:00:00Z,0.0,27.125,277.375,25.48
2019-11-15T12:00:00Z,0.0,27.125,277.375,25.24
2019-11-16T12:00:00Z,0.0,27.125,277.375,24.94
2019-11-17T12:00:00Z,0.0,27.125,277.375,24.24
2019-11-18T12:00:00Z,0.0,27.125,277.375,23.93
2019-11-19T12:00:00Z,0.0,27.125,277.375,23.8
2019-11-20T12:00:00Z,0.0,27.125,277.375,23.59
2019-11-21T12:00:00Z,0.0,27.125,277.375,23.54
2019-11-22T12:00:00Z,0.0,27.125,277.375,23.28
2019-11-23T12:00:00Z,0.0,27.125,277.375,23.38
2019-11-24T12:00:00Z,0.0,27.125,277.375,23.4
2019-11-25T12:00:00Z,0.0,27.125,277.375,23.1
2019-11-26T12:00:00Z,0.0,27.125,277.375,22.76
2019-11-27T12:00:00Z,0.0,27.125,277.375,22.67
2019-11-28T12:00:00Z,0.0,27.125,277.375,22.75
2019-11-29T12:00:00Z,0.0,27.125,277.375,22.87
2019-11-30T12:00:00Z,0.0,27.125,277.375,22.8
2019-12-01T12:00:00Z,0.0,27.125,277.375,22.63
2019-12-02T12:00:00Z,0.0,27.125,277.375,22.46
2019-12-03T12:00:00Z,0.0,27.125,277.375,21.94
2019-12-04T12:00:00Z,0.0,27.125,277.375,21.68
2019-12-05T12:00:00Z,0.0,27.125,277.375,21.65
2019-12-06T12:00:00Z,0.0,27.125,277.375,21.74
2019-12-07T12:00:00Z,0.0,27.125,277.375,21.91
2019-12-08T12:00:00Z,0.0,27.125,277.375,22.12
2019-12-09T12:00:00Z,0.0,27.125,277.375,22.3
2019-12-10T12:00:00Z,0.0,27.125,277.375,21.87
2019-12-11T12:00:00Z,0.0,27.125,277.375,22.34
2019-12-12T12:00:00Z,0.0,27.125,277.375,22.47
2019-12-13T12:00:00Z,0.0,27.125,277.375,22.27
2019-12-14T12:00:00Z,0.0,27.125,277.375,22.23
2019-12-15T12:00:00Z,0.0,27.125,277.375,22.21
2019-12-16T12:00:00Z,0.0,27.125,277.375,22.16
2019-12-17T12:00:00Z,0.0,27.125,277.375,22.22
2019-12-18T12:00:00Z,0.0,27.125,277.375,22.13
2019-12-19T12:00:00Z,0.0,27.125,277.375,21.69
2019-12-20T12:00:00Z,0.0,27.125,277.375,21.68
2019-12-21T12:00:00Z,0.0,27.125,277.375,21.54
2019-12-22T12:00:00Z,0.0,27.125,277.375,21.04
2019-12-23T12:00:00Z,0.0,27.125,277.375,20.51
2019-12-24T12:00:00Z,0.0,27.125,277.375,20.2
2019-12-25T12:00:00Z,0.0,27.125,277.375,20.5
2019-12-26T12:00:00Z,0.0,27.125,277.375,20.46
2019-12-27T12:00:00Z,0.0,27.125,277.375,20.19
2019-12-28T12:00:00Z,0.0,27.125,277.375,20.4
2019-12-29T12:00:00Z,0.0,27.125,277.375,20.76
2019-12-30T12:00:00Z,0.0,27.125,277.375,20.93
2019-12-31T12:00:00Z,0.0,27.125,277.375,20.94
2020-01-01T12:00:00Z,0.0,27.125,277.375,20.52
2020-01-02T12:00:00Z,0.0,27.125,277.375,20.69
2020-01-03T12:00:00Z,0.0,27.125,277.375,21.08
2020-01-04T12:00:00Z,0.0,27.125,277.375,20.95
2020-01-05T12:00:00Z,0.0,27.125,277.375,20.75
2020-01-06T12:00:00Z,0.0,27.125,277.375,20.41
2020-01-07T12:00:00Z,0.0,27.125,277.375,20.0
2020-01-08T12:00:00Z,0.0,27.125,277.375,19.82
2020-01-09T12:00:00Z,0.0,27.125,277.375,19.88
2020-01-10T12:00:00Z,0.0,27.125,277.375,19.93
2020-01-11T12:00:00Z,0.0,27.125,277.375,20.21
2020-01-12T12:00:00Z,0.0,27.125,277.375,20.55
2020-01-13T12:00:00Z,0.0,27.125,277.375,20.98
2020-01-14T12:00:00Z,0.0,27.125,277.375,21.03
2020-01-15T12:00:00Z,0.0,27.125,277.375,20.96
2020-01-16T12:00:00Z,0.0,27.125,277.375,20.8
2020-01-17T12:00:00Z,0.0,27.125,277.375,20.7
2020-01-18T12:00:00Z,0.0,27.125,277.375,20.48
2020-01-19T12:00:00Z,0.0,27.125,277.375,20.41
2020-01-20T12:00:00Z,0.0,27.125,277.375,20.39
2020-01-21T12:00:00Z,0.0,27.125,277.375,20.17
2020-01-22T12:00:00Z,0.0,27.125,277.375,19.2
2020-01-23T12:00:00Z,0.0,27.125,277.375,18.64
2020-01-24T12:00:00Z,0.0,27.125,277.375,18.48
2020-01-25T12:00:00Z,0.0,27.125,277.375,18.47
2020-01-26T12:00:00Z,0.0,27.125,277.375,18.61
2020-01-27T12:00:00Z,0.0,27.125,277.375,18.43
2020-01-28T12:00:00Z,0.0,27.125,277.375,18.39
2020-01-29T12:00:00Z,0.0,27.125,277.375,18.59
2020-01-30T12:00:00Z,0.0,27.125,277.375,18.51
2020-01-31T12:00:00Z,0.0,27.125,277.375,18.18
2020-02-01T12:00:00Z,0.0,27.125,277.375,18.22
2020-02-02T12:00:00Z,0.0,27.125,277.375,18.1
2020-02-03T12:00:00Z,0.0,27.125,277.375,18.14
2020-02-04T12:00:00Z,0.0,27.125,277.375,18.19
2020-02-05T12:00:00Z,0.0,27.125,277.375,18.37
2020-02-06T12:00:00Z,0.0,27.125,277.375,18.81
2020-02-07T12:00:00Z,0.0,27.125,277.375,18.73
2020-02-08T12:00:00Z,0.0,27.125,277.375,18.77
2020-02-09T12:00:00Z,0.0,27.125,277.375,18.44
2020-02-10T12:00:00Z,0.0,27.125,277.375,18.55
2020-02-11T12:00:00Z,0.0,27.125,277.375,18.96
2020-02-12T12:00:00Z,0.0,27.125,277.375,19.92
2020-02-13T12:00:00Z,0.0,27.125,277.375,20.17
2020-02-14T12:00:00Z,0.0,27.125,277.375,20.07
2020-02-15T12:00:00Z,0.0,27.125,277.375,19.85
2020-02-16T12:00:00Z,0.0,27.125,277.375,19.97
2020-02-17T12:00:00Z,0.0,27.125,277.375,20.01
2020-02-18T12:00:00Z,0.0,27.125,277.375,20.92
2020-02-19T12:00:00Z,0.0,27.125,277.375,21.07
2020-02-20T12:00:00Z,0.0,27.125,277.375,21.2
2020-02-21T12:00:00Z,0.0,27.125,277.375,20.55
2020-02-22T12:00:00Z,0.0,27.125,277.375,19.57
2020-02-23T12:00:00Z,0.0,27.125,277.375,19.27
2020-02-24T12:00:00Z,0.0,27.125,277.375,19.37
2020-02-25T12:00:00Z,0.0,27.125,277.375,19.69
2020-02-26T12:00:00Z,0.0,27.125,277.375,19.76
2020-02-27T12:00:00Z,0.0,27.125,277.375,19.46
2020-02-28T12:00:00Z,0.0,27.125,277.375,19.11
2020-02-29T12:00:00Z,0.0,27.125,277.375,18.9
2020-03-01T12:00:00Z,0.0,27.125,277.375,18.71
2020-03-02T12:00:00Z,0.0,27.125,277.375,18.81
2020-03-03T12:00:00Z,0.0,27.125,277.375,19.1
2020-03-04T12:00:00Z,0.0,27.125,277.375,19.31
2020-03-05T12:00:00Z,0.0,27.125,277.375,19.33
2020-03-06T12:00:00Z,0.0,27.125,277.375,19.42
2020-03-07T12:00:00Z,0.0,27.125,277.375,19.45
2020-03-08T12:00:00Z,0.0,27.125,277.375,19.23
2020-03-09T12:00:00Z,0.0,27.125,277.375,19.04
2020-03-10T12:00:00Z,0.0,27.125,277.375,19.44
2020-03-11T12:00:00Z,0.0,27.125,277.375,19.8
2020-03-12T12:00:00Z,0.0,27.125,277.375,20.13
2020-03-13T12:00:00Z,0.0,27.125,277.375,20.78
2020-03-14T12:00:00Z,0.0,27.125,277.375,21.04
2020-03-15T12:00:00Z,0.0,27.125,277.375,21.4
2020-03-16T12:00:00Z,0.0,27.125,277.375,21.5
2020-03-17T12:00:00Z,0.0,27.125,277.375,21.7
2020-03-18T12:00:00Z,0.0,27.125,277.375,22.15
2020-03-19T12:00:00Z,0.0,27.125,277.375,22.13
2020-03-20T12:00:00Z,0.0,27.125,277.375,22.44
2020-03-21T12:00:00Z,0.0,27.125,277.375,22.99
2020-03-22T12:00:00Z,0.0,27.125,277.375,22.97
2020-03-23T12:00:00Z,0.0,27.125,277.375,22.82
2020-03-24T12:00:00Z,0.0,27.125,277.375,23.08
2020-03-25T12:00:00Z,0.0,27.125,277.375,23.67
2020-03-26T12:00:00Z,0.0,27.125,277.375,24.13
2020-03-27T12:00:00Z,0.0,27.125,277.375,24.49
2020-03-28T12:00:00Z,0.0,27.125,277.375,24.52
2020-03-29T12:00:00Z,0.0,27.125,277.375,24.3
2020-03-30T12:00:00Z,0.0,27.125,277.375,24.45
2020-03-31T12:00:00Z,0.0,27.125,277.375,24.63
2020-04-01T12:00:00Z,0.0,27.125,277.375,24.39
2020-04-02T12:00:00Z,0.0,27.125,277.375,24.36
2020-04-03T12:00:00Z,0.0,27.125,277.375,24.2
2020-04-04T12:00:00Z,0.0,27.125,277.375,24.01
2020-04-05T12:00:00Z,0.0,27.125,277.375,23.8
2020-04-06T12:00:00Z,0.0,27.125,277.375,24.08
2020-04-07T12:00:00Z,0.0,27.125,277.375,24.23
2020-04-08T12:00:00Z,0.0,27.125,277.375,24.36
2020-04-09T12:00:00Z,0.0,27.125,277.375,24.77
2020-04-10T12:00:00Z,0.0,27.125,277.375,24.81
2020-04-11T12:00:00Z,0.0,27.125,277.375,24.7
2020-04-12T12:00:00Z,0.0,27.125,277.375,24.74
2020-04-13T12:00:00Z,0.0,27.125,277.375,25.12
2020-04-14T12:00:00Z,0.0,27.125,277.375,25.22
2020-04-15T12:00:00Z,0.0,27.125,277.375,25.45
2020-04-16T12:00:00Z,0.0,27.125,277.375,25.48
2020-04-17T12:00:00Z,0.0,27.125,277.375,25.45
2020-04-18T12:00:00Z,0.0,27.125,277.375,25.29
2020-04-19T12:00:00Z,0.0,27.125,277.375,25.44
2020-04-20T12:00:00Z,0.0,27.125,277.375,25.75
2020-04-21T12:00:00Z,0.0,27.125,277.375,25.69
2020-04-22T12:00:00Z,0.0,27.125,277.375,25.69
2020-04-23T12:00:00Z,0.0,27.125,277.375,26.02
2020-04-24T12:00:00Z,0.0,27.125,277.375,26.09
2020-04-25T12:00:00Z,0.0,27.125,277.375,26.09
2020-04-26T12:00:00Z,0.0,27.125,277.375,26.09
2020-04-27T12:00:00Z,0.0,27.125,277.375,26.0
2020-04-28T12:00:00Z,0.0,27.125,277.375,25.9
2020-04-29T12:00:00Z,0.0,27.125,277.375,25.79
2020-04-30T12:00:00Z,0.0,27.125,277.375,25.78
2020-05-01T12:00:00Z,0.0,27.125,277.375,25.76
2020-05-02T12:00:00Z,0.0,27.125,277.375,25.53
2020-05-03T12:00:00Z,0.0,27.125,277.375,25.45
2020-05-04T12:00:00Z,0.0,27.125,277.375,25.53
2020-05-05T12:00:00Z,0.0,27.125,277.375,25.63
2020-05-06T12:00:00Z,0.0,27.125,277.375,25.6
2020-05-07T12:00:00Z,0.0,27.125,277.375,25.33
2020-05-08T12:00:00Z,0.0,27.125,277.375,24.55
2020-05-09T12:00:00Z,0.0,27.125,277.375,24.55
2020-05-10T12:00:00Z,0.0,27.125,277.375,24.75
2020-05-11T12:00:00Z,0.0,27.125,277.375,24.9
2020-05-12T12:00:00Z,0.0,27.125,277.375,25.01
2020-05-13T12:00:00Z,0.0,27.125,277.375,25.04
2020-05-14T12:00:00Z,0.0,27.125,277.375,24.95
2020-05-15T12:00:00Z,0.0,27.125,277.375,24.9
2020-05-16T12:00:00Z,0.0,27.125,277.375,24.87
2020-05-17T12:00:00Z,0.0,27.125,277.375,24.99
2020-05-18T12:00:00Z,0.0,27.125,277.375,24.94
2020-05-19T12:00:00Z,0.0,27.125,277.375,25.24
2020-05-20T12:00:00Z,0.0,27.125,277.375,25.49
2020-05-21T12:00:00Z,0.0,27.125,277.375,25.91
2020-05-22T12:00:00Z,0.0,27.125,277.375,26.3
2020-05-23T12:00:00Z,0.0,27.125,277.375,26.32
2020-05-24T12:00:00Z,0.0,27.125,277.375,26.29
2020-05-25T12:00:00Z,0.0,27.125,277.375,26.17
2020-05-26T12:00:00Z,0.0,27.125,277.375,26.45
2020-05-27T12:00:00Z,0.0,27.125,277.375,26.76
2020-05-28T12:00:00Z,0.0,27.125,277.375,27.06
2020-05-29T12:00:00Z,0.0,27.125,277.375,27.26
2020-05-30T12:00:00Z,0.0,27.125,277.375,27.37
2020-05-31T12:00:00Z,0.0,27.125,277.375,27.75
2020-06-01T12:00:00Z,0.0,27.125,277.375,27.98
2020-06-02T12:00:00Z,0.0,27.125,277.375,27.91
2020-06-03T12:00:00Z,0.0,27.125,277.375,27.71
2020-06-04T12:00:00Z,0.0,27.125,277.375,27.58
2020-06-05T12:00:00Z,0.0,27.125,277.375,27.48
2020-06-06T12:00:00Z,0.0,27.125,277.375,27.35
2020-06-07T12:00:00Z,0.0,27.125,277.375,27.29
2020-06-08T12:00:00Z,0.0,27.125,277.375,27.51
2020-06-09T12:00:00Z,0.0,27.125,277.375,28.15
2020-06-10T12:00:00Z,0.0,27.125,277.375,28.44
2020-06-11T12:00:00Z,0.0,27.125,277.375,28.5
2020-06-12T12:00:00Z,0.0,27.125,277.375,28.56
2020-06-13T12:00:00Z,0.0,27.125,277.375,28.64
2020-06-14T12:00:00Z,0.0,27.125,277.375,28.67
2020-06-15T12:00:00Z,0.0,27.125,277.375,28.63
2020-06-16T12:00:00Z,0.0,27.125,277.375,28.67
2020-06-17T12:00:00Z,0.0,27.125,277.375,28.63
2020-06-18T12:00:00Z,0.0,27.125,277.375,28.63
2020-06-19T12:00:00Z,0.0,27.125,277.375,28.84
2020-06-20T12:00:00Z,0.0,27.125,277.375,29.18
2020-06-21T12:00:00Z,0.0,27.125,277.375,29.42
2020-06-22T12:00:00Z,0.0,27.125,277.375,29.56
2020-06-23T12:00:00Z,0.0,27.125,277.375,29.77
2020-06-24T12:00:00Z,0.0,27.125,277.375,30.13
2020-06-25T12:00:00Z,0.0,27.125,277.375,30.58
2020-06-26T12:00:00Z,0.0,27.125,277.375,30.2
2020-06-27T12:00:00Z,0.0,27.125,277.375,30.01
2020-06-28T12:00:00Z,0.0,27.125,277.375,30.36
2020-06-29T12:00:00Z,0.0,27.125,277.375,30.62
2020-06-30T12:00:00Z,0.0,27.125,277.375,30.84
2020-07-01T12:00:00Z,0.0,27.125,277.375,30.6
2020-07-02T12:00:00Z,0.0,27.125,277.375,30.73
2020-07-03T12:00:00Z,0.0,27.125,277.375,30.49
2020-07-04T12:00:00Z,0.0,27.125,277.375,30.39
2020-07-05T12:00:00Z,0.0,27.125,277.375,30.42
2020-07-06T12:00:00Z,0.0,27.125,277.375,30.32
2020-07-07T12:00:00Z,0.0,27.125,277.375,30.32
2020-07-08T12:00:00Z,0.0,27.125,277.375,30.4
2020-07-09T12:00:00Z,0.0,27.125,277.375,30.51
2020-07-10T12:00:00Z,0.0,27.125,277.375,30.39
2020-07-11T12:00:00Z,0.0,27.125,277.375,30.3
2020-07-12T12:00:00Z,0.0,27.125,277.375,30.06
2020-07-13T12:00:00Z,0.0,27.125,277.375,30.29
2020-07-14T12:00:00Z,0.0,27.125,277.375,30.66
2020-07-15T12:00:00Z,0.0,27.125,277.375,30.79
2020-07-16T12:00:00Z,0.0,27.125,277.375,30.68
2020-07-17T12:00:00Z,0.0,27.125,277.375,30.55
2020-07-18T12:00:00Z,0.0,27.125,277.375,30.4
2020-07-19T12:00:00Z,0.0,27.125,277.375,30.08
2020-07-20T12:00:00Z,0.0,27.125,277.375,29.97
2020-07-21T12:00:00Z,0.0,27.125,277.375,29.9
2020-07-22T12:00:00Z,0.0,27.125,277.375,29.9
2020-07-23T12:00:00Z,0.0,27.125,277.375,29.89
2020-07-24T12:00:00Z,0.0,27.125,277.375,29.92
2020-07-25T12:00:00Z,0.0,27.125,277.375,29.71
2020-07-26T12:00:00Z,0.0,27.125,277.375,29.45
2020-07-27T12:00:00Z,0.0,27.125,277.375,29.55
2020-07-28T12:00:00Z,0.0,27.125,277.375,29.85
2020-07-29T12:00:00Z,0.0,27.125,277.375,30.23
2020-07-30T12:00:00Z,0.0,27.125,277.375,30.4
2020-07-31T12:00:00Z,0.0,27.125,277.375,30.56
2020-08-01T12:00:00Z,0.0,27.125,277.375,30.62
2020-08-02T12:00:00Z,0.0,27.125,277.375,30.45
2020-08-03T12:00:00Z,0.0,27.125,277.375,30.49
2020-08-04T12:00:00Z,0.0,27.125,277.375,30.5
2020-08-05T12:00:00Z,0.0,27.125,277.375,30.66
2020-08-06T12:00:00Z,0.0,27.125,277.375,30.77
2020-08-07T12:00:00Z,0.0,27.125,277.375,30.96
2020-08-08T12:00:00Z,0.0,27.125,277.375,30.94
2020-08-09T12:00:00Z,0.0,27.125,277.375,30.97
2020-08-10T12:00:00Z,0.0,27.125,277.375,31.01
2020-08-11T12:00:00Z,0.0,27.125,277.375,30.9
2020-08-12T12:00:00Z,0.0,27.125,277.375,30.87
2020-08-13T12:00:00Z,0.0,27.125,277.375,31.2
2020-08-14T12:00:00Z,0.0,27.125,277.375,31.24
2020-08-15T12:00:00Z,0.0,27.125,277.375,31.29
2020-08-16T12:00:00Z,0.0,27.125,277.375,31.33
2020-08-17T12:00:00Z,0.0,27.125,277.375,31.19
2020-08-18T12:00:00Z,0.0,27.125,277.375,30.99
2020-08-19T12:00:00Z,0.0,27.125,277.375,30.8
2020-08-20T12:00:00Z,0.0,27.125,277.375,30.58
2020-08-21T12:00:00Z,0.0,27.125,277.375,30.63
2020-08-22T12:00:00Z,0.0,27.125,277.375,30.72
2020-08-23T12:00:00Z,0.0,27.125,277.375,30.5
2020-08-24T12:00:00Z,0.0,27.125,277.375,30.25
2020-08-25T12:00:00Z,0.0,27.125,277.375,30.11
2020-08-26T12:00:00Z,0.0,27.125,277.375,30.24
2020-08-27T12:00:00Z,0.0,27.125,277.375,30.33
2020-08-28T12:00:00Z,0.0,27.125,277.375,30.43
2020-08-29T12:00:00Z,0.0,27.125,277.375,30.75
2020-08-30T12:00:00Z,0.0,27.125,277.375,30.76
2020-08-31T12:00:00Z,0.0,27.125,277.375,30.7
2020-09-01T12:00:00Z,0.0,27.125,277.375,30.72
2020-09-02T12:00:00Z,0.0,27.125,277.375,30.84
2020-09-03T12:00:00Z,0.0,27.125,277.375,31.02
2020-09-04T12:00:00Z,0.0,27.125,277.375,31.1
2020-09-05T12:00:00Z,0.0,27.125,277.375,31.07
2020-09-06T12:00:00Z,0.0,27.125,277.375,31.05
2020-09-07T12:00:00Z,0.0,27.125,277.375,30.97
2020-09-08T12:00:00Z,0.0,27.125,277.375,30.84
2020-09-09T12:00:00Z,0.0,27.125,277.375,30.83
2020-09-10T12:00:00Z,0.0,27.125,277.375,30.87
2020-09-11T12:00:00Z,0.0,27.125,277.375,30.91
2020-09-12T12:00:00Z,0.0,27.125,277.375,30.8
2020-09-13T12:00:00Z,0.0,27.125,277.375,30.48
2020-09-14T12:00:00Z,0.0,27.125,277.375,30.11
2020-09-15T12:00:00Z,0.0,27.125,277.375,29.89
2020-09-16T12:00:00Z,0.0,27.125,277.375,29.75
2020-09-17T12:00:00Z,0.0,27.125,277.375,29.63
2020-09-18T12:00:00Z,0.0,27.125,277.375,29.64
2020-09-19T12:00:00Z,0.0,27.125,277.375,29.6
2020-09-20T12:00:00Z,0.0,27.125,277.375,29.24
2020-09-21T12:00:00Z,0.0,27.125,277.375,29.05
2020-09-22T12:00:00Z,0.0,27.125,277.375,29.23
2020-09-23T12:00:00Z,0.0,27.125,277.375,29.26
2020-09-24T12:00:00Z,0.0,27.125,277.375,29.17
2020-09-25T12:00:00Z,0.0,27.125,277.375,29.02
2020-09-26T12:00:00Z,0.0,27.125,277.375,29.1
2020-09-27T12:00:00Z,0.0,27.125,277.375,29.23
2020-09-28T12:00:00Z,0.0,27.125,277.375,29.31
2020-09-29T12:00:00Z,0.0,27.125,277.375,29.25
2020-09-30T12:00:00Z,0.0,27.125,277.375,29.1
2020-10-01T12:00:00Z,0.0,27.125,277.375,28.77
2020-10-02T12:00:00Z,0.0,27.125,277.375,28.4
2020-10-03T12:00:00Z,0.0,27.125,277.375,28.06
2020-10-04T12:00:00Z,0.0,27.125,277.375,27.84
2020-10-05T12:00:00Z,0.0,27.125,277.375,27.6
2020-10-06T12:00:00Z,0.0,27.125,277.375,27.68
2020-10-07T12:00:00Z,0.0,27.125,277.375,27.83
2020-10-08T12:00:00Z,0.0,27.125,277.375,28.09
2020-10-09T12:00:00Z,0.0,27.125,277.375,28.14
2020-10-10T12:00:00Z,0.0,27.125,277.375,28.08
2020-10-11T12:00:00Z,0.0,27.125,277.375,27.93
2020-10-12T12:00:00Z,0.0,27.125,277.375,27.88
2020-10-13T12:00:00Z,0.0,27.125,277.375,27.86
2020-10-14T12:00:00Z,0.0,27.125,277.375,28.07
2020-10-15T12:00:00Z,0.0,27.125,277.375,28.26
2020-10-16T12:00:00Z,0.0,27.125,277.375,28.12
2020-10-17T12:00:00Z,0.0,27.125,277.375,27.96
2020-10-18T12:00:00Z,0.0,27.125,277.375,27.95
2020-10-19T12:00:00Z,0.0,27.125,277.375,27.92
2020-10-20T12:00:00Z,0.0,27.125,277.375,27.79
2020-10-21T12:00:00Z,0.0,27.125,277.375,27.57
2020-10-22T12:00:00Z,0.0,27.125,277.375,27.5
2020-10-23T12:00:00Z,0.0,27.125,277.375,27.6
2020-10-24T12:00:00Z,0.0,27.125,277.375,27.72
2020-10-25T12:00:00Z,0.0,27.125,277.375,27.44
2020-10-26T12:00:00Z,0.0,27.125,277.375,27.39
2020-10-27T12:00:00Z,0.0,27.125,277.375,27.54
2020-10-28T12:00:00Z,0.0,27.125,277.375,27.75
2020-10-29T12:00:00Z,0.0,27.125,277.375,27.73
2020-10-30T12:00:00Z,0.0,27.125,277.375,27.55
2020-10-31T12:00:00Z,0.0,27.125,277.375,27.32
2020-11-01T12:00:00Z,0.0,27.125,277.375,27.19
2020-11-02T12:00:00Z,0.0,27.125,277.375,26.98
2020-11-03T12:00:00Z,0.0,27.125,277.375,26.33
2020-11-04T12:00:00Z,0.0,27.125,277.375,26.0
2020-11-05T12:00:00Z,0.0,27.125,277.375,25.71
2020-11-06T12:00:00Z,0.0,27.125,277.375,25.51
2020-11-07T12:00:00Z,0.0,27.125,277.375,25.41
2020-11-08T12:00:00Z,0.0,27.125,277.375,25.36
2020-11-09T12:00:00Z,0.0,27.125,277.375,25.42
2020-11-10T12:00:00Z,0.0,27.125,277.375,25.52
2020-11-11T12:00:00Z,0.0,27.125,277.375,25.45
2020-11-12T12:00:00Z,0.0,27.125,277.375,25.33
2020-11-13T12:00:00Z,0.0,27.125,277.375,25.26
2020-11-14T12:00:00Z,0.0,27.125,277.375,25.15
2020-11-15T12:00:00Z,0.0,27.125,277.375,25.26
2020-11-16T12:00:00Z,0.0,27.125,277.375,25.46
2020-11-17T12:00:00Z,0.0,27.125,277.375,25.36
2020-11-18T12:00:00Z,0.0,27.125,277.375,24.77
2020-11-19T12:00:00Z,0.0,27.125,277.375,24.23
2020-11-20T12:00:00Z,0.0,27.125,277.375,23.89
2020-11-21T12:00:00Z,0.0,27.125,277.375,23.76
2020-11-22T12:00:00Z,0.0,27.125,277.375,23.64
2020-11-23T12:00:00Z,0.0,27.125,277.375,23.47
2020-11-24T12:00:00Z,0.0,27.125,277.375,23.2
2020-11-25T12:00:00Z,0.0,27.125,277.375,23.3
2020-11-26T12:00:00Z,0.0,27.125,277.375,23.38
2020-11-27T12:00:00Z,0.0,27.125,277.375,23.4
2020-11-28T12:00:00Z,0.0,27.125,277.375,23.28
2020-11-29T12:00:00Z,0.0,27.125,277.375,23.22
2020-11-30T12:00:00Z,0.0,27.125,277.375,23.33
2020-12-01T12:00:00Z,0.0,27.125,277.375,23.23
2020-12-02T12:00:00Z,0.0,27.125,277.375,22.67
2020-12-03T12:00:00Z,0.0,27.125,277.375,22.47
2020-12-04T12:00:00Z,0.0,27.125,277.375,22.27
2020-12-05T12:00:00Z,0.0,27.125,277.375,22.08
2020-12-06T12:00:00Z,0.0,27.125,277.375,21.73
2020-12-07T12:00:00Z,0.0,27.125,277.375,21.19
2020-12-08T12:00:00Z,0.0,27.125,277.375,20.77
2020-12-09T12:00:00Z,0.0,27.125,277.375,20.57
2020-12-10T12:00:00Z,0.0,27.125,277.375,20.34
2020-12-11T12:00:00Z,0.0,27.125,277.375,20.28
2020-12-12T12:00:00Z,0.0,27.125,277.375,20.34
2020-12-13T12:00:00Z,0.0,27.125,277.375,20.66
2020-12-14T12:00:00Z,0.0,27.125,277.375,21.4
2020-12-15T12:00:00Z,0.0,27.125,277.375,21.29
2020-12-16T12:00:00Z,0.0,27.125,277.375,20.79
2020-12-17T12:00:00Z,0.0,27.125,277.375,20.61
2020-12-18T12:00:00Z,0.0,27.125,277.375,20.3
2020-12-19T12:00:00Z,0.0,27.125,277.375,20.05
2020-12-20T12:00:00Z,0.0,27.125,277.375,20.14
2020-12-21T12:00:00Z,0.0,27.125,277.375,19.95
2020-12-22T12:00:00Z,0.0,27.125,277.375,20.0
2020-12-23T12:00:00Z,0.0,27.125,277.375,19.86
2020-12-24T12:00:00Z,0.0,27.125,277.375,19.67
2020-12-25T12:00:00Z,0.0,27.125,277.375,19.47
2020-12-26T12:00:00Z,0.0,27.125,277.375,18.74
2020-12-27T12:00:00Z,0.0,27.125,277.375,18.47
2020-12-28T12:00:00Z,0.0,27.125,277.375,18.12
2020-12-29T12:00:00Z,0.0,27.125,277.375,18.2
2020-12-30T12:00:00Z,0.0,27.125,277.375,18.23
2020-12-31T12:00:00Z,0.0,27.125,277.375,18.7
2021-01-01T12:00:00Z,0.0,27.125,277.375,19.03
2021-01-02T12:00:00Z,0.0,27.125,277.375,19.01
2021-01-03T12:00:00Z,0.0,27.125,277.375,19.13
2021-01-04T12:00:00Z,0.0,27.125,277.375,19.03
2021-01-05T12:00:00Z,0.0,27.125,277.375,18.72
2021-01-06T12:00:00Z,0.0,27.125,277.375,18.5
2021-01-07T12:00:00Z,0.0,27.125,277.375,18.47
2021-01-08T12:00:00Z,0.0,27.125,277.375,18.53
2021-01-09T12:00:00Z,0.0,27.125,277.375,18.35
2021-01-10T12:00:00Z,0.0,27.125,277.375,18.09
2021-01-11T12:00:00Z,0.0,27.125,277.375,17.86
2021-01-12T12:00:00Z,0.0,27.125,277.375,17.76
2021-01-13T12:00:00Z,0.0,27.125,277.375,17.67
2021-01-14T12:00:00Z,0.0,27.125,277.375,18.05
2021-01-15T12:00:00Z,0.0,27.125,277.375,18.23
2021-01-16T12:00:00Z,0.0,27.125,277.375,18.21
2021-01-17T12:00:00Z,0.0,27.125,277.375,17.89
2021-01-18T12:00:00Z,0.0,27.125,277.375,17.81
2021-01-19T12:00:00Z,0.0,27.125,277.375,17.68
2021-01-20T12:00:00Z,0.0,27.125,277.375,17.62
2021-01-21T12:00:00Z,0.0,27.125,277.375,17.6
2021-01-22T12:00:00Z,0.0,27.125,277.375,17.85
2021-01-23T12:00:00Z,0.0,27.125,277.375,18.59
2021-01-24T12:00:00Z,0.0,27.125,277.375,18.9
2021-01-25T12:00:00Z,0.0,27.125,277.375,18.55
2021-01-26T12:00:00Z,0.0,27.125,277.375,18.48
2021-01-27T12:00:00Z,0.0,27.125,277.375,18.82
2021-01-28T12:00:00Z,0.0,27.125,277.375,18.69
2021-01-29T12:00:00Z,0.0,27.125,277.375,18.27
2021-01-30T12:00:00Z,0.0,27.125,277.375,18.47
2021-01-31T12:00:00Z,0.0,27.125,277.375,18.34
2021-02-01T12:00:00Z,0.0,27.125,277.375,18.01
2021-02-02T12:00:00Z,0.0,27.125,277.375,17.86
2021-02-03T12:00:00Z,0.0,27.125,277.375,17.63
2021-02-04T12:00:00Z,0.0,27.125,277.375,17.23
2021-02-05T12:00:00Z,0.0,27.125,277.375,17.3
2021-02-06T12:00:00Z,0.0,27.125,277.375,17.57
2021-02-07T12:00:00Z,0.0,27.125,277.375,17.77
2021-02-08T12:00:00Z,0.0,27.125,277.375,18.12
2021-02-09T12:00:00Z,0.0,27.125,277.375,18.53
2021-02-10T12:00:00Z,0.0,27.125,277.375,18.73
2021-02-11T12:00:00Z,0.0,27.125,277.375,19.63
2021-02-12T12:00:00Z,0.0,27.125,277.375,20.07
2021-02-13T12:00:00Z,0.0,27.125,277.375,20.2
2021-02-14T12:00:00Z,0.0,27.125,277.375,20.26
2021-02-15T12:00:00Z,0.0,27.125,277.375,20.49
2021-02-16T12:00:00Z,0.0,27.125,277.375,20.55
2021-02-17T12:00:00Z,0.0,27.125,277.375,20.35
2021-02-18T12:00:00Z,0.0,27.125,277.375,20.48
2021-02-19T12:00:00Z,0.0,27.125,277.375,20.55
2021-02-20T12:00:00Z,0.0,27.125,277.375,20.3
2021-02-21T12:00:00Z,0.0,27.125,277.375,19.91
2021-02-22T12:00:00Z,0.0,27.125,277.375,19.62
2021-02-23T12:00:00Z,0.0,27.125,277.375,19.66
2021-02-24T12:00:00Z,0.0,27.125,277.375,19.81
2021-02-25T12:00:00Z,0.0,27.125,277.375,19.95
2021-02-26T12:00:00Z,0.0,27.125,277.375,20.39
2021-02-27T12:00:00Z,0.0,27.125,277.375,21.09
2021-02-28T12:00:00Z,0.0,27.125,277.375,21.45
2021-03-01T12:00:00Z,0.0,27.125,277.375,21.65
2021-03-02T12:00:00Z,0.0,27.125,277.375,21.71
2021-03-03T12:00:00Z,0.0,27.125,277.375,21.75
2021-03-04T12:00:00Z,0.0,27.125,277.375,21.06
2021-03-05T12:00:00Z,0.0,27.125,277.375,21.0
2021-03-06T12:00:00Z,0.0,27.125,277.375,20.9
2021-03-07T12:00:00Z,0.0,27.125,277.375,20.63
2021-03-08T12:00:00Z,0.0,27.125,277.375,19.94
2021-03-09T12:00:00Z,0.0,27.125,277.375,19.73
2021-03-10T12:00:00Z,0.0,27.125,277.375,19.78
2021-03-11T12:00:00Z,0.0,27.125,277.375,19.89
2021-03-12T12:00:00Z,0.0,27.125,277.375,20.03
2021-03-13T12:00:00Z,0.0,27.125,277.375,20.22
2021-03-14T12:00:00Z,0.0,27.125,277.375,20.4
2021-03-15T12:00:00Z,0.0,27.125,277.375,20.57
2021-03-16T12:00:00Z,0.0,27.125,277.375,20.79
2021-03-17T12:00:00Z,0.0,27.125,277.375,21.09
2021-03-18T12:00:00Z,0.0,27.125,277.375,21.06
2021-03-19T12:00:00Z,0.0,27.125,277.375,20.55
2021-03-20T12:00:00Z,0.0,27.125,277.375,20.6
2021-03-21T12:00:00Z,0.0,27.125,277.375,20.47
2021-03-22T12:00:00Z,0.0,27.125,277.375,20.37
2021-03-24T12:00:00Z,0.0,27.125,277.375,20.36
2021-03-25T12:00:00Z,0.0,27.125,277.375,20.66
2021-03-26T12:00:00Z,0.0,27.125,277.375,20.9
2021-03-27T12:00:00Z,0.0,27.125,277.375,21.26
2021-03-28T12:00:00Z,0.0,27.125,277.375,22.06
2021-03-29T12:00:00Z,0.0,27.125,277.375,22.86
2021-03-30T12:00:00Z,0.0,27.125,277.375,22.91
2021-03-31T12:00:00Z,0.0,27.125,277.375,23.06
2021-04-01T12:00:00Z,0.0,27.125,277.375,23.01
2021-04-02T12:00:00Z,0.0,27.125,277.375,21.45
2021-04-03T12:00:00Z,0.0,27.125,277.375,21.16
2021-04-04T12:00:00Z,0.0,27.125,277.375,21.18
2021-04-05T12:00:00Z,0.0,27.125,277.375,20.89
2021-04-06T12:00:00Z,0.0,27.125,277.375,20.85
2021-04-07T12:00:00Z,0.0,27.125,277.375,21.35
2021-04-08T12:00:00Z,0.0,27.125,277.375,21.63
2021-04-09T12:00:00Z,0.0,27.125,277.375,21.87
2021-04-10T12:00:00Z,0.0,27.125,277.375,21.9
2021-04-11T12:00:00Z,0.0,27.125,277.375,21.84
2021-04-12T12:00:00Z,0.0,27.125,277.375,22.18
2021-04-13T12:00:00Z,0.0,27.125,277.375,22.6
2021-04-14T12:00:00Z,0.0,27.125,277.375,22.82
2021-04-15T12:00:00Z,0.0,27.125,277.375,22.74
2021-04-16T12:00:00Z,0.0,27.125,277.375,23.03
2021-04-17T12:00:00Z,0.0,27.125,277.375,23.52
2021-04-18T12:00:00Z,0.0,27.125,277.375,23.65
2021-04-19T12:00:00Z,0.0,27.125,277.375,23.73
2021-04-20T12:00:00Z,0.0,27.125,277.375,24.0
2021-04-21T12:00:00Z,0.0,27.125,277.375,24.22
2021-04-22T12:00:00Z,0.0,27.125,277.375,24.16
2021-04-23T12:00:00Z,0.0,27.125,277.375,24.06
2021-04-24T12:00:00Z,0.0,27.125,277.375,24.12
2021-04-25T12:00:00Z,0.0,27.125,277.375,24.17
2021-04-26T12:00:00Z,0.0,27.125,277.375,24.49
2021-04-27T12:00:00Z,0.0,27.125,277.375,24.86
2021-04-28T12:00:00Z,0.0,27.125,277.375,25.04
2021-04-29T12:00:00Z,0.0,27.125,277.375,25.07
2021-04-30T12:00:00Z,0.0,27.125,277.375,25.26
2021-05-01T12:00:00Z,0.0,27.125,277.375,25.9
2021-05-02T12:00:00Z,0.0,27.125,277.375,26.09
2021-05-03T12:00:00Z,0.0,27.125,277.375,26.16
2021-05-04T12:00:00Z,0.0,27.125,277.375,26.24
2021-05-05T12:00:00Z,0.0,27.125,277.375,26.45
2021-05-06T12:00:00Z,0.0,27.125,277.375,26.87
2021-05-07T12:00:00Z,0.0,27.125,277.375,26.92
2021-05-08T12:00:00Z,0.0,27.125,277.375,26.7
2021-05-09T12:00:00Z,0.0,27.125,277.375,26.44
2021-05-10T12:00:00Z,0.0,27.125,277.375,26.7
2021-05-11T12:00:00Z,0.0,27.125,277.375,27.08
2021-05-12T12:00:00Z,0.0,27.125,277.375,27.34
2021-05-13T12:00:00Z,0.0,27.125,277.375,27.46
2021-05-14T12:00:00Z,0.0,27.125,277.375,27.13
2021-05-15T12:00:00Z,0.0,27.125,277.375,26.31
2021-05-16T12:00:00Z,0.0,27.125,277.375,26.08
2021-05-17T12:00:00Z,0.0,27.125,277.375,26.1
2021-05-18T12:00:00Z,0.0,27.125,277.375,26.07
2021-05-19T12:00:00Z,0.0,27.125,277.375,26.09
2021-05-20T12:00:00Z,0.0,27.125,277.375,26.03
2021-05-21T12:00:00Z,0.0,27.125,277.375,25.71
2021-05-22T12:00:00Z,0.0,27.125,277.375,25.61
2021-05-23T12:00:00Z,0.0,27.125,277.375,25.51
2021-05-24T12:00:00Z,0.0,27.125,277.375,25.69
2021-05-25T12:00:00Z,0.0,27.125,277.375,25.93
2021-05-26T12:00:00Z,0.0,27.125,277.375,26.09
2021-05-27T12:00:00Z,0.0,27.125,277.375,26.2
2021-05-28T12:00:00Z,0.0,27.125,277.375,26.16
2021-05-29T12:00:00Z,0.0,27.125,277.375,26.24
2021-05-30T12:00:00Z,0.0,27.125,277.375,26.73
2021-05-31T12:00:00Z,0.0,27.125,277.375,26.79
2021-06-01T12:00:00Z,0.0,27.125,277.375,26.79
2021-06-02T12:00:00Z,0.0,27.125,277.375,26.72
2021-06-03T12:00:00Z,0.0,27.125,277.375,26.87
2021-06-04T12:00:00Z,0.0,27.125,277.375,27.23
2021-06-05T12:00:00Z,0.0,27.125,277.375,27.33
2021-06-06T12:00:00Z,0.0,27.125,277.375,27.48
2021-06-07T12:00:00Z,0.0,27.125,277.375,27.66
2021-06-08T12:00:00Z,0.0,27.125,277.375,28.19
2021-06-09T12:00:00Z,0.0,27.125,277.375,28.12
2021-06-10T12:00:00Z,0.0,27.125,277.375,27.92
2021-06-11T12:00:00Z,0.0,27.125,277.375,27.86
2021-06-12T12:00:00Z,0.0,27.125,277.375,28.06
2021-06-13T12:00:00Z,0.0,27.125,277.375,28.72
2021-06-14T12:00:00Z,0.0,27.125,277.375,28.97
2021-06-15T12:00:00Z,0.0,27.125,277.375,28.87
2021-06-16T12:00:00Z,0.0,27.125,277.375,28.69
2021-06-17T12:00:00Z,0.0,27.125,277.375,28.5
2021-06-18T12:00:00Z,0.0,27.125,277.375,28.4
2021-06-19T12:00:00Z,0.0,27.125,277.375,28.41
2021-06-20T12:00:00Z,0.0,27.125,277.375,28.52
2021-06-21T12:00:00Z,0.0,27.125,277.375,28.63
2021-06-22T12:00:00Z,0.0,27.125,277.375,28.72
2021-06-23T12:00:00Z,0.0,27.125,277.375,28.91
2021-06-24T12:00:00Z,0.0,27.125,277.375,29.07
2021-06-25T12:00:00Z,0.0,27.125,277.375,29.13
2021-06-26T12:00:00Z,0.0,27.125,277.375,29.09
2021-06-27T12:00:00Z,0.0,27.125,277.375,28.89
2021-06-28T12:00:00Z,0.0,27.125,277.375,28.56
2021-06-29T12:00:00Z,0.0,27.125,277.375,28.51
2021-06-30T12:00:00Z,0.0,27.125,277.375,28.55
2021-07-01T12:00:00Z,0.0,27.125,277.375,28.6
2021-07-02T12:00:00Z,0.0,27.125,277.375,28.65
2021-07-03T12:00:00Z,0.0,27.125,277.375,28.94
2021-07-04T12:00:00Z,0.0,27.125,277.375,28.93
2021-07-05T12:00:00Z,0.0,27.125,277.375,28.7
2021-07-06T12:00:00Z,0.0,27.125,277.375,28.88
2021-07-07T12:00:00Z,0.0,27.125,277.375,29.08
2021-07-08T12:00:00Z,0.0,27.125,277.375,29.08
2021-07-09T12:00:00Z,0.0,27.125,277.375,29.05
2021-07-10T12:00:00Z,0.0,27.125,277.375,29.12
2021-07-11T12:00:00Z,0.0,27.125,277.375,29.26
2021-07-12T12:00:00Z,0.0,27.125,277.375,29.12
2021-07-13T12:00:00Z,0.0,27.125,277.375,28.88
2021-07-14T12:00:00Z,0.0,27.125,277.375,29.09
2021-07-15T12:00:00Z,0.0,27.125,277.375,29.22
2021-07-16T12:00:00Z,0.0,27.125,277.375,29.16
2021-07-17T12:00:00Z,0.0,27.125,277.375,29.43
2021-07-18T12:00:00Z,0.0,27.125,277.375,29.33
2021-07-19T12:00:00Z,0.0,27.125,277.375,29.43
2021-07-20T12:00:00Z,0.0,27.125,277.375,29.65
2021-07-21T12:00:00Z,0.0,27.125,277.375,29.85
2021-07-22T12:00:00Z,0.0,27.125,277.375,29.98
2021-07-23T12:00:00Z,0.0,27.125,277.375,29.96
2021-07-24T12:00:00Z,0.0,27.125,277.375,30.1
2021-07-25T12:00:00Z,0.0,27.125,277.375,30.14
2021-07-26T12:00:00Z,0.0,27.125,277.375,30.38
2021-07-27T12:00:00Z,0.0,27.125,277.375,30.59
2021-07-28T12:00:00Z,0.0,27.125,277.375,30.54
2021-07-29T12:00:00Z,0.0,27.125,277.375,30.17
2021-07-30T12:00:00Z,0.0,27.125,277.375,29.94
2021-07-31T12:00:00Z,0.0,27.125,277.375,30.09
2021-08-01T12:00:00Z,0.0,27.125,277.375,30.29
2021-08-02T12:00:00Z,0.0,27.125,277.375,30.37
2021-08-03T12:00:00Z,0.0,27.125,277.375,30.35
2021-08-04T12:00:00Z,0.0,27.125,277.375,30.33
2021-08-05T12:00:00Z,0.0,27.125,277.375,30.15
2021-08-06T12:00:00Z,0.0,27.125,277.375,30.13
2021-08-07T12:00:00Z,0.0,27.125,277.375,30.31
2021-08-08T12:00:00Z,0.0,27.125,277.375,30.33
2021-08-09T12:00:00Z,0.0,27.125,277.375,30.13
2021-08-10T12:00:00Z,0.0,27.125,277.375,30.2
2021-08-11T12:00:00Z,0.0,27.125,277.375,30.49
2021-08-12T12:00:00Z,0.0,27.125,277.375,30.38
2021-08-13T12:00:00Z,0.0,27.125,277.375,30.28
2021-08-14T12:00:00Z,0.0,27.125,277.375,30.2
2021-08-15T12:00:00Z,0.0,27.125,277.375,29.96
2021-08-16T12:00:00Z,0.0,27.125,277.375,29.77
2021-08-17T12:00:00Z,0.0,27.125,277.375,29.69
2021-08-18T12:00:00Z,0.0,27.125,277.375,29.63
2021-08-19T12:00:00Z,0.0,27.125,277.375,29.8
2021-08-20T12:00:00Z,0.0,27.125,277.375,29.94
2021-08-21T12:00:00Z,0.0,27.125,277.375,30.13
2021-08-22T12:00:00Z,0.0,27.125,277.375,30.51
2021-08-23T12:00:00Z,0.0,27.125,277.375,30.87
2021-08-24T12:00:00Z,0.0,27.125,277.375,30.32
2021-08-25T12:00:00Z,0.0,27.125,277.375,30.12
2021-08-26T12:00:00Z,0.0,27.125,277.375,30.31
2021-08-27T12:00:00Z,0.0,27.125,277.375,30.27
2021-08-28T12:00:00Z,0.0,27.125,277.375,30.08
2021-08-29T12:00:00Z,0.0,27.125,277.375,30.0
2021-08-30T12:00:00Z,0.0,27.125,277.375,30.05
2021-08-31T12:00:00Z,0.0,27.125,277.375,30.11
2021-09-01T12:00:00Z,0.0,27.125,277.375,30.05
2021-09-02T12:00:00Z,0.0,27.125,277.375,29.83
2021-09-03T12:00:00Z,0.0,27.125,277.375,29.66
2021-09-04T12:00:00Z,0.0,27.125,277.375,29.74
2021-09-05T12:00:00Z,0.0,27.125,277.375,29.8
2021-09-06T12:00:00Z,0.0,27.125,277.375,29.82
2021-09-08T12:00:00Z,0.0,27.125,277.375,30.01
2021-09-09T12:00:00Z,0.0,27.125,277.375,30.02
2021-09-10T12:00:00Z,0.0,27.125,277.375,30.08
2021-09-11T12:00:00Z,0.0,27.125,277.375,30.11
2021-09-12T12:00:00Z,0.0,27.125,277.375,30.29
2021-09-13T12:00:00Z,0.0,27.125,277.375,30.23
2021-09-14T12:00:00Z,0.0,27.125,277.375,29.91
2021-09-15T12:00:00Z,0.0,27.125,277.375,29.8
2021-09-16T12:00:00Z,0.0,27.125,277.375,29.77
2021-09-17T12:00:00Z,0.0,27.125,277.375,29.69
2021-09-18T12:00:00Z,0.0,27.125,277.375,29.53
2021-09-19T12:00:00Z,0.0,27.125,277.375,29.59
2021-09-20T12:00:00Z,0.0,27.125,277.375,29.6
2021-09-21T12:00:00Z,0.0,27.125,277.375,29.58
2021-09-22T12:00:00Z,0.0,27.125,277.375,29.87
2021-09-23T12:00:00Z,0.0,27.125,277.375,30.06
2021-09-24T12:00:00Z,0.0,27.125,277.375,29.94
2021-09-25T12:00:00Z,0.0,27.125,277.375,29.9
2021-09-26T12:00:00Z,0.0,27.125,277.375,29.99
2021-09-27T12:00:00Z,0.0,27.125,277.375,30.01
2021-09-28T12:00:00Z,0.0,27.125,277.375,29.99
2021-09-29T12:00:00Z,0.0,27.125,277.375,29.95
2021-09-30T12:00:00Z,0.0,27.125,277.375,29.81
2021-10-01T12:00:00Z,0.0,27.125,277.375,29.59
2021-10-02T12:00:00Z,0.0,27.125,277.375,29.7
2021-10-03T12:00:00Z,0.0,27.125,277.375,29.65
2021-10-04T12:00:00Z,0.0,27.125,277.375,29.73
2021-10-05T12:00:00Z,0.0,27.125,277.375,29.41
2021-10-06T12:00:00Z,0.0,27.125,277.375,29.36
2021-10-07T12:00:00Z,0.0,27.125,277.375,29.41
2021-10-08T12:00:00Z,0.0,27.125,277.375,29.25
2021-10-09T12:00:00Z,0.0,27.125,277.375,29.04
2021-10-10T12:00:00Z,0.0,27.125,277.375,28.91
2021-10-11T12:00:00Z,0.0,27.125,277.375,28.86
2021-10-12T12:00:00Z,0.0,27.125,277.375,28.87
2021-10-13T12:00:00Z,0.0,27.125,277.375,28.85
2021-10-14T12:00:00Z,0.0,27.125,277.375,29.0
2021-10-15T12:00:00Z,0.0,27.125,277.375,29.09
2021-10-16T12:00:00Z,0.0,27.125,277.375,29.13
2021-10-17T12:00:00Z,0.0,27.125,277.375,28.92
2021-10-18T12:00:00Z,0.0,27.125,277.375,28.65
2021-10-19T12:00:00Z,0.0,27.125,277.375,28.43
2021-10-20T12:00:00Z,0.0,27.125,277.375,28.29
2021-10-21T12:00:00Z,0.0,27.125,277.375,28.28
2021-10-22T12:00:00Z,0.0,27.125,277.375,28.26
2021-10-23T12:00:00Z,0.0,27.125,277.375,27.9
2021-10-24T12:00:00Z,0.0,27.125,277.375,27.7
2021-10-25T12:00:00Z,0.0,27.125,277.375,27.57
2021-10-26T12:00:00Z,0.0,27.125,277.375,27.57
2021-10-27T12:00:00Z,0.0,27.125,277.375,27.62
2021-10-28T12:00:00Z,0.0,27.125,277.375,27.46
2021-10-29T12:00:00Z,0.0,27.125,277.375,27.27
2021-10-30T12:00:00Z,0.0,27.125,277.375,27.0
2021-10-31T12:00:00Z,0.0,27.125,277.375,26.43
2021-11-01T12:00:00Z,0.0,27.125,277.375,26.16
2021-11-02T12:00:00Z,0.0,27.125,277.375,26.07
2021-11-03T12:00:00Z,0.0,27.125,277.375,25.96
2021-11-04T12:00:00Z,0.0,27.125,277.375,25.92
2021-11-05T12:00:00Z,0.0,27.125,277.375,25.71
2021-11-06T12:00:00Z,0.0,27.125,277.375,24.9
2021-11-07T12:00:00Z,0.0,27.125,277.375,24.24
2021-11-08T12:00:00Z,0.0,27.125,277.375,23.82
2021-11-09T12:00:00Z,0.0,27.125,277.375,23.35
2021-11-10T12:00:00Z,0.0,27.125,277.375,23.19
2021-11-11T12:00:00Z,0.0,27.125,277.375,23.26
2021-11-12T12:00:00Z,0.0,27.125,277.375,23.45
2021-11-13T12:00:00Z,0.0,27.125,277.375,23.51
2021-11-14T12:00:00Z,0.0,27.125,277.375,23.33
2021-11-15T12:00:00Z,0.0,27.125,277.375,23.05
2021-11-16T12:00:00Z,0.0,27.125,277.375,22.75
2021-11-17T12:00:00Z,0.0,27.125,277.375,22.66
2021-11-18T12:00:00Z,0.0,27.125,277.375,22.63
2021-11-19T12:00:00Z,0.0,27.125,277.375,22.87
2021-11-20T12:00:00Z,0.0,27.125,277.375,22.9
2021-11-21T12:00:00Z,0.0,27.125,277.375,22.93
2021-11-22T12:00:00Z,0.0,27.125,277.375,22.94
2021-11-23T12:00:00Z,0.0,27.125,277.375,22.74
2021-11-24T12:00:00Z,0.0,27.125,277.375,22.33
2021-11-25T12:00:00Z,0.0,27.125,277.375,22.09
2021-11-26T12:00:00Z,0.0,27.125,277.375,22.02
2021-11-27T12:00:00Z,0.0,27.125,277.375,22.0
2021-11-28T12:00:00Z,0.0,27.125,277.375,21.85
2021-11-29T12:00:00Z,0.0,27.125,277.375,21.45
2021-11-30T12:00:00Z,0.0,27.125,277.375,21.3
2021-12-01T12:00:00Z,0.0,27.125,277.375,21.14
2021-12-02T12:00:00Z,0.0,27.125,277.375,20.99
2021-12-03T12:00:00Z,0.0,27.125,277.375,20.9
2021-12-04T12:00:00Z,0.0,27.125,277.375,20.9
2021-12-05T12:00:00Z,0.0,27.125,277.375,20.98
2021-12-06T12:00:00Z,0.0,27.125,277.375,21.09
2021-12-07T12:00:00Z,0.0,27.125,277.375,21.07
2021-12-08T12:00:00Z,0.0,27.125,277.375,21.21
2021-12-09T12:00:00Z,0.0,27.125,277.375,21.6
2021-12-10T12:00:00Z,0.0,27.125,277.375,21.9
2021-12-11T12:00:00Z,0.0,27.125,277.375,22.22
2021-12-12T12:00:00Z,0.0,27.125,277.375,22.38
2021-12-13T12:00:00Z,0.0,27.125,277.375,22.47
2021-12-14T12:00:00Z,0.0,27.125,277.375,22.46
2021-12-15T12:00:00Z,0.0,27.125,277.375,22.44
2021-12-16T12:00:00Z,0.0,27.125,277.375,22.58
2021-12-17T12:00:00Z,0.0,27.125,277.375,22.63
2021-12-18T12:00:00Z,0.0,27.125,277.375,22.77
2021-12-19T12:00:00Z,0.0,27.125,277.375,23.01
2021-12-20T12:00:00Z,0.0,27.125,277.375,22.93
2021-12-21T12:00:00Z,0.0,27.125,277.375,22.79
2021-12-22T12:00:00Z,0.0,27.125,277.375,22.49
2021-12-23T12:00:00Z,0.0,27.125,277.375,22.1
2021-12-24T12:00:00Z,0.0,27.125,277.375,21.83
2021-12-25T12:00:00Z,0.0,27.125,277.375,21.72
2021-12-26T12:00:00Z,0.0,27.125,277.375,21.71
2021-12-27T12:00:00Z,0.0,27.125,277.375,21.69
2021-12-28T12:00:00Z,0.0,27.125,277.375,21.64
2021-12-29T12:00:00Z,0.0,27.125,277.375,21.68
2021-12-30T12:00:00Z,0.0,27.125,277.375,21.79
2021-12-31T12:00:00Z,0.0,27.125,277.375,22.0
2022-01-01T12:00:00Z,0.0,27.125,277.375,22.15
2022-01-02T12:00:00Z,0.0,27.125,277.375,22.48
2022-01-03T12:00:00Z,0.0,27.125,277.375,22.45
2022-01-04T12:00:00Z,0.0,27.125,277.375,22.14
2022-01-05T12:00:00Z,0.0,27.125,277.375,21.84
2022-01-06T12:00:00Z,0.0,27.125,277.375,21.72
2022-01-07T12:00:00Z,0.0,27.125,277.375,21.64
2022-01-08T12:00:00Z,0.0,27.125,277.375,21.54
2022-01-09T12:00:00Z,0.0,27.125,277.375,21.66
2022-01-10T12:00:00Z,0.0,27.125,277.375,21.93
2022-01-11T12:00:00Z,0.0,27.125,277.375,21.87
2022-01-12T12:00:00Z,0.0,27.125,277.375,21.65
2022-01-13T12:00:00Z,0.0,27.125,277.375,21.4
2022-01-14T12:00:00Z,0.0,27.125,277.375,21.16
2022-01-15T12:00:00Z,0.0,27.125,277.375,20.96
2022-01-16T12:00:00Z,0.0,27.125,277.375,20.89
2022-01-17T12:00:00Z,0.0,27.125,277.375,20.55
2022-01-18T12:00:00Z,0.0,27.125,277.375,20.09
2022-01-19T12:00:00Z,0.0,27.125,277.375,19.79
2022-01-20T12:00:00Z,0.0,27.125,277.375,19.64
2022-01-21T12:00:00Z,0.0,27.125,277.375,19.52
2022-01-22T12:00:00Z,0.0,27.125,277.375,19.32
2022-01-23T12:00:00Z,0.0,27.125,277.375,18.93
2022-01-24T12:00:00Z,0.0,27.125,277.375,18.89
2022-01-25T12:00:00Z,0.0,27.125,277.375,18.91
2022-01-26T12:00:00Z,0.0,27.125,277.375,18.72
2022-01-27T12:00:00Z,0.0,27.125,277.375,18.56
2022-01-28T12:00:00Z,0.0,27.125,277.375,18.5
2022-01-29T12:00:00Z,0.0,27.125,277.375,18.08
2022-01-30T12:00:00Z,0.0,27.125,277.375,17.63
2022-01-31T12:00:00Z,0.0,27.125,277.375,17.31
2022-02-01T12:00:00Z,0.0,27.125,277.375,17.2
2022-02-02T12:00:00Z,0.0,27.125,277.375,17.37
2022-02-03T12:00:00Z,0.0,27.125,277.375,17.72
2022-02-04T12:00:00Z,0.0,27.125,277.375,18.01
2022-02-05T12:00:00Z,0.0,27.125,277.375,18.07
2022-02-06T12:00:00Z,0.0,27.125,277.375,17.64
2022-02-07T12:00:00Z,0.0,27.125,277.375,17.57
2022-02-08T12:00:00Z,0.0,27.125,277.375,17.5
2022-02-09T12:00:00Z,0.0,27.125,277.375,17.46
2022-02-10T12:00:00Z,0.0,27.125,277.375,17.4
2022-02-11T12:00:00Z,0.0,27.125,277.375,17.43
2022-02-12T12:00:00Z,0.0,27.125,277.375,17.68
2022-02-13T12:00:00Z,0.0,27.125,277.375,17.63
2022-02-14T12:00:00Z,0.0,27.125,277.375,17.43
2022-02-15T12:00:00Z,0.0,27.125,277.375,17.18
2022-02-16T12:00:00Z,0.0,27.125,277.375,17.08
2022-02-17T12:00:00Z,0.0,27.125,277.375,17.33
2022-02-18T12:00:00Z,0.0,27.125,277.375,17.58
2022-02-19T12:00:00Z,0.0,27.125,277.375,17.66
2022-02-20T12:00:00Z,0.0,27.125,277.375,18.01
2022-02-21T12:00:00Z,0.0,27.125,277.375,18.41
2022-02-22T12:00:00Z,0.0,27.125,277.375,18.82
2022-02-23T12:00:00Z,0.0,27.125,277.375,19.44
2022-02-24T12:00:00Z,0.0,27.125,277.375,19.87
2022-02-25T12:00:00Z,0.0,27.125,277.375,20.26
2022-02-26T12:00:00Z,0.0,27.125,277.375,20.43
2022-02-27T12:00:00Z,0.0,27.125,277.375,20.57
2022-02-28T12:00:00Z,0.0,27.125,277.375,20.59
2022-03-01T12:00:00Z,0.0,27.125,277.375,20.21
2022-03-02T12:00:00Z,0.0,27.125,277.375,19.89
2022-03-03T12:00:00Z,0.0,27.125,277.375,19.86
2022-03-04T12:00:00Z,0.0,27.125,277.375,20.05
2022-03-05T12:00:00Z,0.0,27.125,277.375,20.23
2022-03-06T12:00:00Z,0.0,27.125,277.375,20.46
2022-03-07T12:00:00Z,0.0,27.125,277.375,20.97
2022-03-08T12:00:00Z,0.0,27.125,277.375,21.35
2022-03-09T12:00:00Z,0.0,27.125,277.375,21.66
2022-03-10T12:00:00Z,0.0,27.125,277.375,21.94
2022-03-11T12:00:00Z,0.0,27.125,277.375,22.23
2022-03-12T12:00:00Z,0.0,27.125,277.375,22.1
2022-03-13T12:00:00Z,0.0,27.125,277.375,21.31
2022-03-14T12:00:00Z,0.0,27.125,277.375,20.8
2022-03-15T12:00:00Z,0.0,27.125,277.375,20.67
2022-03-16T12:00:00Z,0.0,27.125,277.375,20.82
2022-03-17T12:00:00Z,0.0,27.125,277.375,21.18
2022-03-18T12:00:00Z,0.0,27.125,277.375,21.59
2022-03-19T12:00:00Z,0.0,27.125,277.375,21.95
2022-03-20T12:00:00Z,0.0,27.125,277.375,22.07
2022-03-21T12:00:00Z,0.0,27.125,277.375,21.92
2022-03-22T12:00:00Z,0.0,27.125,277.375,21.95
2022-03-23T12:00:00Z,0.0,27.125,277.375,22.07
2022-03-24T12:00:00Z,0.0,27.125,277.375,22.3
2022-03-25T12:00:00Z,0.0,27.125,277.375,22.07
2022-03-26T12:00:00Z,0.0,27.125,277.375,21.95
2022-03-27T12:00:00Z,0.0,27.125,277.375,21.82
2022-03-28T12:00:00Z,0.0,27.125,277.375,21.9
2022-03-29T12:00:00Z,0.0,27.125,277.375,22.25
2022-03-30T12:00:00Z,0.0,27.125,277.375,22.34
2022-03-31T12:00:00Z,0.0,27.125,277.375,22.34
2022-04-01T12:00:00Z,0.0,27.125,277.375,22.45
2022-04-02T12:00:00Z,0.0,27.125,277.375,22.6
2022-04-03T12:00:00Z,0.0,27.125,277.375,22.78
2022-04-04T12:00:00Z,0.0,27.125,277.375,22.92
2022-04-05T12:00:00Z,0.0,27.125,277.375,23.11
2022-04-06T12:00:00Z,0.0,27.125,277.375,23.35
2022-04-07T12:00:00Z,0.0,27.125,277.375,23.43
2022-04-08T12:00:00Z,0.0,27.125,277.375,23.14
2022-04-09T12:00:00Z,0.0,27.125,277.375,22.87
2022-04-10T12:00:00Z,0.0,27.125,277.375,22.62
2022-04-11T12:00:00Z,0.0,27.125,277.375,22.52
2022-04-12T12:00:00Z,0.0,27.125,277.375,22.53
2022-04-13T12:00:00Z,0.0,27.125,277.375,22.58
2022-04-14T12:00:00Z,0.0,27.125,277.375,22.83
2022-04-15T12:00:00Z,0.0,27.125,277.375,23.27
2022-04-16T12:00:00Z,0.0,27.125,277.375,23.51
2022-04-17T12:00:00Z,0.0,27.125,277.375,23.87
2022-04-18T12:00:00Z,0.0,27.125,277.375,24.02
2022-04-19T12:00:00Z,0.0,27.125,277.375,23.88
2022-04-20T12:00:00Z,0.0,27.125,277.375,23.66
2022-04-21T12:00:00Z,0.0,27.125,277.375,23.52
2022-04-22T12:00:00Z,0.0,27.125,277.375,23.39
2022-04-23T12:00:00Z,0.0,27.125,277.375,23.42
2022-04-24T12:00:00Z,0.0,27.125,277.375,23.49
2022-04-25T12:00:00Z,0.0,27.125,277.375,23.59
2022-04-26T12:00:00Z,0.0,27.125,277.375,23.84
2022-04-27T12:00:00Z,0.0,27.125,277.375,24.04
2022-04-28T12:00:00Z,0.0,27.125,277.375,24.28
2022-04-29T12:00:00Z,0.0,27.125,277.375,24.33
2022-04-30T12:00:00Z,0.0,27.125,277.375,24.41
2022-05-01T12:00:00Z,0.0,27.125,277.375,24.58
2022-05-02T12:00:00Z,0.0,27.125,277.375,24.8
2022-05-03T12:00:00Z,0.0,27.125,277.375,25.16
2022-05-04T12:00:00Z,0.0,27.125,277.375,25.53
2022-05-05T12:00:00Z,0.0,27.125,277.375,25.77
2022-05-06T12:00:00Z,0.0,27.125,277.375,25.95
2022-05-07T12:00:00Z,0.0,27.125,277.375,25.92
2022-05-08T12:00:00Z,0.0,27.125,277.375,25.9
2022-05-09T12:00:00Z,0.0,27.125,277.375,26.0
2022-05-10T12:00:00Z,0.0,27.125,277.375,25.77
2022-05-11T12:00:00Z,0.0,27.125,277.375,25.44
2022-05-12T12:00:00Z,0.0,27.125,277.375,25.22
2022-05-13T12:00:00Z,0.0,27.125,277.375,25.3
2022-05-14T12:00:00Z,0.0,27.125,277.375,25.52
2022-05-15T12:00:00Z,0.0,27.125,277.375,25.73
2022-05-16T12:00:00Z,0.0,27.125,277.375,25.93
2022-05-17T12:00:00Z,0.0,27.125,277.375,26.23
2022-05-18T12:00:00Z,0.0,27.125,277.375,26.61
2022-05-19T12:00:00Z,0.0,27.125,277.375,26.83
2022-05-20T12:00:00Z,0.0,27.125,277.375,26.96
2022-05-21T12:00:00Z,0.0,27.125,277.375,27.01
2022-05-22T12:00:00Z,0.0,27.125,277.375,26.94
2022-05-23T12:00:00Z,0.0,27.125,277.375,26.97
2022-05-24T12:00:00Z,0.0,27.125,277.375,27.32
2022-05-25T12:00:00Z,0.0,27.125,277.375,27.45
2022-05-26T12:00:00Z,0.0,27.125,277.375,27.57
2022-05-27T12:00:00Z,0.0,27.125,277.375,27.52
2022-05-28T12:00:00Z,0.0,27.125,277.375,27.58
2022-05-29T12:00:00Z,0.0,27.125,277.375,27.78
2022-05-30T12:00:00Z,0.0,27.125,277.375,27.71
2022-05-31T12:00:00Z,0.0,27.125,277.375,27.67
2022-06-01T12:00:00Z,0.0,27.125,277.375,27.58
2022-06-02T12:00:00Z,0.0,27.125,277.375,27.54
2022-06-03T12:00:00Z,0.0,27.125,277.375,27.51
2022-06-04T12:00:00Z,0.0,27.125,277.375,27.29
2022-06-05T12:00:00Z,0.0,27.125,277.375,27.63
2022-06-06T12:00:00Z,0.0,27.125,277.375,27.83
2022-06-07T12:00:00Z,0.0,27.125,277.375,28.2
2022-06-08T12:00:00Z,0.0,27.125,277.375,28.41
2022-06-09T12:00:00Z,0.0,27.125,277.375,28.53
2022-06-10T12:00:00Z,0.0,27.125,277.375,28.63
2022-06-11T12:00:00Z,0.0,27.125,277.375,28.8
2022-06-12T12:00:00Z,0.0,27.125,277.375,28.91
2022-06-13T12:00:00Z,0.0,27.125,277.375,29.12
2022-06-14T12:00:00Z,0.0,27.125,277.375,29.08
2022-06-15T12:00:00Z,0.0,27.125,277.375,28.96
2022-06-16T12:00:00Z,0.0,27.125,277.375,29.21
2022-06-17T12:00:00Z,0.0,27.125,277.375,29.58
2022-06-18T12:00:00Z,0.0,27.125,277.375,29.8
2022-06-19T12:00:00Z,0.0,27.125,277.375,29.92
2022-06-20T12:00:00Z,0.0,27.125,277.375,29.95
2022-06-21T12:00:00Z,0.0,27.125,277.375,29.61
2022-06-22T12:00:00Z,0.0,27.125,277.375,29.47
2022-06-23T12:00:00Z,0.0,27.125,277.375,29.47
2022-06-24T12:00:00Z,0.0,27.125,277.375,29.66
2022-06-25T12:00:00Z,0.0,27.125,277.375,29.67
2022-06-26T12:00:00Z,0.0,27.125,277.375,29.65
2022-06-27T12:00:00Z,0.0,27.125,277.375,29.66
2022-06-28T12:00:00Z,0.0,27.125,277.375,29.78
2022-06-29T12:00:00Z,0.0,27.125,277.375,30.15
2022-06-30T12:00:00Z,0.0,27.125,277.375,30.16
2022-07-01T12:00:00Z,0.0,27.125,277.375,30.05
2022-07-02T12:00:00Z,0.0,27.125,277.375,30.03
2022-07-03T12:00:00Z,0.0,27.125,277.375,30.24
2022-07-04T12:00:00Z,0.0,27.125,277.375,30.49
2022-07-05T12:00:00Z,0.0,27.125,277.375,30.75
2022-07-06T12:00:00Z,0.0,27.125,277.375,30.76
2022-07-07T12:00:00Z,0.0,27.125,277.375,30.72
2022-07-08T12:00:00Z,0.0,27.125,277.375,30.82
2022-07-09T12:00:00Z,0.0,27.125,277.375,30.84
2022-07-10T12:00:00Z,0.0,27.125,277.375,30.88
2022-07-11T12:00:00Z,0.0,27.125,277.375,30.95
2022-07-12T12:00:00Z,0.0,27.125,277.375,30.95
2022-07-13T12:00:00Z,0.0,27.125,277.375,31.01
2022-07-14T12:00:00Z,0.0,27.125,277.375,31.1
2022-07-15T12:00:00Z,0.0,27.125,277.375,31.26
2022-07-16T12:00:00Z,0.0,27.125,277.375,31.07
2022-07-17T12:00:00Z,0.0,27.125,277.375,30.94
2022-07-18T12:00:00Z,0.0,27.125,277.375,30.79
2022-07-19T12:00:00Z,0.0,27.125,277.375,30.73
2022-07-20T12:00:00Z,0.0,27.125,277.375,30.84
2022-07-21T12:00:00Z,0.0,27.125,277.375,31.07
2022-07-22T12:00:00Z,0.0,27.125,277.375,31.25
2022-07-23T12:00:00Z,0.0,27.125,277.375,31.36
2022-07-24T12:00:00Z,0.0,27.125,277.375,31.23
2022-07-25T12:00:00Z,0.0,27.125,277.375,31.14
2022-07-26T12:00:00Z,0.0,27.125,277.375,31.02
2022-07-27T12:00:00Z,0.0,27.125,277.375,30.91
2022-07-28T12:00:00Z,0.0,27.125,277.375,30.77
2022-07-29T12:00:00Z,0.0,27.125,277.375,30.87
2022-07-30T12:00:00Z,0.0,27.125,277.375,31.04
2022-07-31T12:00:00Z,0.0,27.125,277.375,31.04
2022-08-01T12:00:00Z,0.0,27.125,277.375,31.14
2022-08-02T12:00:00Z,0.0,27.125,277.375,31.15
2022-08-03T12:00:00Z,0.0,27.125,277.375,31.25
2022-08-04T12:00:00Z,0.0,27.125,277.375,31.11
2022-08-05T12:00:00Z,0.0,27.125,277.375,30.92
2022-08-06T12:00:00Z,0.0,27.125,277.375,30.75
2022-08-07T12:00:00Z,0.0,27.125,277.375,30.66
2022-08-08T12:00:00Z,0.0,27.125,277.375,30.59
2022-08-09T12:00:00Z,0.0,27.125,277.375,30.41
2022-08-10T12:00:00Z,0.0,27.125,277.375,30.28
2022-08-11T12:00:00Z,0.0,27.125,277.375,30.36
2022-08-12T12:00:00Z,0.0,27.125,277.375,30.32
2022-08-13T12:00:00Z,0.0,27.125,277.375,30.53
2022-08-14T12:00:00Z,0.0,27.125,277.375,30.64
2022-08-15T12:00:00Z,0.0,27.125,277.375,30.6
2022-08-16T12:00:00Z,0.0,27.125,277.375,30.52
2022-08-17T12:00:00Z,0.0,27.125,277.375,30.45
2022-08-18T12:00:00Z,0.0,27.125,277.375,30.49
2022-08-19T12:00:00Z,0.0,27.125,277.375,30.63
2022-08-20T12:00:00Z,0.0,27.125,277.375,30.86
2022-08-21T12:00:00Z,0.0,27.125,277.375,30.98
2022-08-22T12:00:00Z,0.0,27.125,277.375,31.01
2022-08-23T12:00:00Z,0.0,27.125,277.375,30.98
2022-08-24T12:00:00Z,0.0,27.125,277.375,31.09
2022-08-25T12:00:00Z,0.0,27.125,277.375,31.18
2022-08-26T12:00:00Z,0.0,27.125,277.375,31.15
2022-08-27T12:00:00Z,0.0,27.125,277.375,31.03
2022-08-28T12:00:00Z,0.0,27.125,277.375,30.92
2022-08-29T12:00:00Z,0.0,27.125,277.375,30.75
2022-08-30T12:00:00Z,0.0,27.125,277.375,30.77
2022-08-31T12:00:00Z,0.0,27.125,277.375,30.91
2022-09-01T12:00:00Z,0.0,27.125,277.375,30.97
2022-09-02T12:00:00Z,0.0,27.125,277.375,30.89
2022-09-03T12:00:00Z,0.0,27.125,277.375,30.81
2022-09-04T12:00:00Z,0.0,27.125,277.375,31.14
2022-09-05T12:00:00Z,0.0,27.125,277.375,31.23
2022-09-06T12:00:00Z,0.0,27.125,277.375,31.38
2022-09-07T12:00:00Z,0.0,27.125,277.375,31.35
2022-09-08T12:00:00Z,0.0,27.125,277.375,31.09
2022-09-09T12:00:00Z,0.0,27.125,277.375,30.87
2022-09-10T12:00:00Z,0.0,27.125,277.375,30.59
2022-09-11T12:00:00Z,0.0,27.125,277.375,30.39
2022-09-12T12:00:00Z,0.0,27.125,277.375,30.36
2022-09-13T12:00:00Z,0.0,27.125,277.375,30.35
2022-09-14T12:00:00Z,0.0,27.125,277.375,30.29
2022-09-15T12:00:00Z,0.0,27.125,277.375,30.13
2022-09-16T12:00:00Z,0.0,27.125,277.375,30.03
2022-09-17T12:00:00Z,0.0,27.125,277.375,29.8
2022-09-18T12:00:00Z,0.0,27.125,277.375,29.6
2022-09-19T12:00:00Z,0.0,27.125,277.375,29.59
2022-09-20T12:00:00Z,0.0,27.125,277.375,29.68
2022-09-21T12:00:00Z,0.0,27.125,277.375,29.75
2022-09-22T12:00:00Z,0.0,27.125,277.375,29.79
2022-09-23T12:00:00Z,0.0,27.125,277.375,29.9
2022-09-24T12:00:00Z,0.0,27.125,277.375,29.77
2022-09-25T12:00:00Z,0.0,27.125,277.375,29.71
2022-09-26T12:00:00Z,0.0,27.125,277.375,29.77
2022-09-27T12:00:00Z,0.0,27.125,277.375,29.81
2022-09-28T12:00:00Z,0.0,27.125,277.375,29.52
2022-09-29T12:00:00Z,0.0,27.125,277.375,28.05
2022-09-30T12:00:00Z,0.0,27.125,277.375,27.53
2022-10-01T12:00:00Z,0.0,27.125,277.375,27.13
2022-10-02T12:00:00Z,0.0,27.125,277.375,27.01
2022-10-03T12:00:00Z,0.0,27.125,277.375,26.91
2022-10-04T12:00:00Z,0.0,27.125,277.375,26.9
2022-10-05T12:00:00Z,0.0,27.125,277.375,26.82
2022-10-06T12:00:00Z,0.0,27.125,277.375,26.75
2022-10-07T12:00:00Z,0.0,27.125,277.375,26.64
2022-10-08T12:00:00Z,0.0,27.125,277.375,26.51
2022-10-09T12:00:00Z,0.0,27.125,277.375,26.4
2022-10-10T12:00:00Z,0.0,27.125,277.375,26.4
2022-10-11T12:00:00Z,0.0,27.125,277.375,26.46
2022-10-12T12:00:00Z,0.0,27.125,277.375,26.52
2022-10-13T12:00:00Z,0.0,27.125,277.375,26.65
2022-10-14T12:00:00Z,0.0,27.125,277.375,26.78
2022-10-15T12:00:00Z,0.0,27.125,277.375,26.92
2022-10-16T12:00:00Z,0.0,27.125,277.375,27.11
2022-10-17T12:00:00Z,0.0,27.125,277.375,27.2
2022-10-18T12:00:00Z,0.0,27.125,277.375,27.19
2022-10-20T12:00:00Z,0.0,27.125,277.375,25.99
2022-10-21T12:00:00Z,0.0,27.125,277.375,25.23
2022-10-22T12:00:00Z,0.0,27.125,277.375,24.75
2022-10-23T12:00:00Z,0.0,27.125,277.375,24.59
2022-10-24T12:00:00Z,0.0,27.125,277.375,24.63
2022-10-25T12:00:00Z,0.0,27.125,277.375,24.74
2022-10-26T12:00:00Z,0.0,27.125,277.375,24.85
2022-10-27T12:00:00Z,0.0,27.125,277.375,25.04
2022-10-28T12:00:00Z,0.0,27.125,277.375,25.27
2022-10-29T12:00:00Z,0.0,27.125,277.375,25.49
2022-10-30T12:00:00Z,0.0,27.125,277.375,25.71
2022-10-31T12:00:00Z,0.0,27.125,277.375,25.89
2022-11-01T12:00:00Z,0.0,27.125,277.375,26.09
2022-11-02T12:00:00Z,0.0,27.125,277.375,26.35
2022-11-03T12:00:00Z,0.0,27.125,277.375,26.38
2022-11-04T12:00:00Z,0.0,27.125,277.375,26.36
2022-11-05T12:00:00Z,0.0,27.125,277.375,26.32
2022-11-06T12:00:00Z,0.0,27.125,277.375,26.3
2022-11-07T12:00:00Z,0.0,27.125,277.375,26.17
2022-11-08T12:00:00Z,0.0,27.125,277.375,25.99
2022-11-09T12:00:00Z,0.0,27.125,277.375,25.51
2022-11-10T12:00:00Z,0.0,27.125,277.375,25.17
2022-11-11T12:00:00Z,0.0,27.125,277.375,24.96
2022-11-12T12:00:00Z,0.0,27.125,277.375,24.89
2022-11-13T12:00:00Z,0.0,27.125,277.375,24.78
2022-11-14T12:00:00Z,0.0,27.125,277.375,24.67
2022-11-15T12:00:00Z,0.0,27.125,277.375,24.6
2022-11-16T12:00:00Z,0.0,27.125,277.375,24.63
2022-11-17T12:00:00Z,0.0,27.125,277.375,24.41
2022-11-18T12:00:00Z,0.0,27.125,277.375,24.14
2022-11-19T12:00:00Z,0.0,27.125,277.375,23.96
2022-11-20T12:00:00Z,0.0,27.125,277.375,23.95
2022-11-21T12:00:00Z,0.0,27.125,277.375,23.63
2022-11-22T12:00:00Z,0.0,27.125,277.375,23.01
2022-11-23T12:00:00Z,0.0,27.125,277.375,22.9
2022-11-24T12:00:00Z,0.0,27.125,277.375,22.96
2022-11-25T12:00:00Z,0.0,27.125,277.375,23.19
2022-11-26T12:00:00Z,0.0,27.125,277.375,23.44
2022-11-27T12:00:00Z,0.0,27.125,277.375,23.72
2022-11-28T12:00:00Z,0.0,27.125,277.375,23.96
2022-11-29T12:00:00Z,0.0,27.125,277.375,23.87
2022-11-30T12:00:00Z,0.0,27.125,277.375,23.89
2022-12-01T12:00:00Z,0.0,27.125,277.375,23.72
2022-12-02T12:00:00Z,0.0,27.125,277.375,23.48
2022-12-03T12:00:00Z,0.0,27.125,277.375,23.32
2022-12-04T12:00:00Z,0.0,27.125,277.375,23.26
2022-12-05T12:00:00Z,0.0,27.125,277.375,23.48
2022-12-06T12:00:00Z,0.0,27.125,277.375,23.65
2022-12-07T12:00:00Z,0.0,27.125,277.375,23.73
2022-12-08T12:00:00Z,0.0,27.125,277.375,23.7
2022-12-09T12:00:00Z,0.0,27.125,277.375,23.57
2022-12-10T12:00:00Z,0.0,27.125,277.375,23.4
2022-12-11T12:00:00Z,0.0,27.125,277.375,23.28
2022-12-12T12:00:00Z,0.0,27.125,277.375,23.26
2022-12-13T12:00:00Z,0.0,27.125,277.375,23.29
2022-12-14T12:00:00Z,0.0,27.125,277.375,23.25
2022-12-15T12:00:00Z,0.0,27.125,277.375,23.11
2022-12-16T12:00:00Z,0.0,27.125,277.375,22.99
2022-12-17T12:00:00Z,0.0,27.125,277.375,22.65
2022-12-18T12:00:00Z,0.0,27.125,277.375,22.28
2022-12-19T12:00:00Z,0.0,27.125,277.375,22.02
2022-12-20T12:00:00Z,0.0,27.125,277.375,21.83
2022-12-21T12:00:00Z,0.0,27.125,277.375,21.4
2022-12-22T12:00:00Z,0.0,27.125,277.375,21.15
2022-12-23T12:00:00Z,0.0,27.125,277.375,21.07
2022-12-24T12:00:00Z,0.0,27.125,277.375,20.88
2022-12-25T12:00:00Z,0.0,27.125,277.375,20.6
2022-12-26T12:00:00Z,0.0,27.125,277.375,18.9
2022-12-27T12:00:00Z,0.0,27.125,277.375,18.43
2022-12-28T12:00:00Z,0.0,27.125,277.375,18.09
2022-12-29T12:00:00Z,0.0,27.125,277.375,17.95
2022-12-30T12:00:00Z,0.0,27.125,277.375,18.04
2022-12-31T12:00:00Z,0.0,27.125,277.375,18.81
2023-01-01T12:00:00Z,0.0,27.125,277.375,19.69
2023-01-02T12:00:00Z,0.0,27.125,277.375,20.05
2023-01-03T12:00:00Z,0.0,27.125,277.375,20.19
2023-01-04T12:00:00Z,0.0,27.125,277.375,20.3
2023-01-05T12:00:00Z,0.0,27.125,277.375,20.45
2023-01-06T12:00:00Z,0.0,27.125,277.375,20.02
2023-01-07T12:00:00Z,0.0,27.125,277.375,19.57
2023-01-08T12:00:00Z,0.0,27.125,277.375,19.4
2023-01-09T12:00:00Z,0.0,27.125,277.375,19.48
2023-01-10T12:00:00Z,0.0,27.125,277.375,19.53
2023-01-11T12:00:00Z,0.0,27.125,277.375,19.39
2023-01-12T12:00:00Z,0.0,27.125,277.375,19.34
2023-01-13T12:00:00Z,0.0,27.125,277.375,19.34
2023-01-14T12:00:00Z,0.0,27.125,277.375,19.16
2023-01-15T12:00:00Z,0.0,27.125,277.375,18.39
2023-01-16T12:00:00Z,0.0,27.125,277.375,17.95
2023-01-17T12:00:00Z,0.0,27.125,277.375,17.86
2023-01-18T12:00:00Z,0.0,27.125,277.375,17.97
2023-01-19T12:00:00Z,0.0,27.125,277.375,18.36
2023-01-20T12:00:00Z,0.0,27.125,277.375,18.98
2023-01-21T12:00:00Z,0.0,27.125,277.375,19.4
2023-01-22T12:00:00Z,0.0,27.125,277.375,19.71
2023-01-23T12:00:00Z,0.0,27.125,277.375,19.73
2023-01-24T12:00:00Z,0.0,27.125,277.375,19.65
2023-01-25T12:00:00Z,0.0,27.125,277.375,19.71
2023-01-26T12:00:00Z,0.0,27.125,277.375,19.54
2023-01-27T12:00:00Z,0.0,27.125,277.375,19.2
2023-01-28T12:00:00Z,0.0,27.125,277.375,18.8
2023-01-29T12:00:00Z,0.0,27.125,277.375,19.04
2023-01-30T12:00:00Z,0.0,27.125,277.375,19.69
2023-01-31T12:00:00Z,0.0,27.125,277.375,20.24
2023-02-02T12:00:00Z,0.0,27.125,277.375,21.28
2023-02-03T12:00:00Z,0.0,27.125,277.375,21.21
2023-02-04T12:00:00Z,0.0,27.125,277.375,20.45
2023-02-05T12:00:00Z,0.0,27.125,277.375,19.92
2023-02-06T12:00:00Z,0.0,27.125,277.375,19.78
2023-02-07T12:00:00Z,0.0,27.125,277.375,19.75
2023-02-08T12:00:00Z,0.0,27.125,277.375,19.87
2023-02-09T12:00:00Z,0.0,27.125,277.375,20.1
2023-02-10T12:00:00Z,0.0,27.125,277.375,20.28
2023-02-11T12:00:00Z,0.0,27.125,277.375,20.42
2023-02-12T12:00:00Z,0.0,27.125,277.375,20.36
2023-02-13T12:00:00Z,0.0,27.125,277.375,20.23
2023-02-14T12:00:00Z,0.0,27.125,277.375,20.1
2023-02-15T12:00:00Z,0.0,27.125,277.375,20.17
2023-02-16T12:00:00Z,0.0,27.125,277.375,20.37
2023-02-17T12:00:00Z,0.0,27.125,277.375,20.61
2023-02-18T12:00:00Z,0.0,27.125,277.375,20.56
2023-02-19T12:00:00Z,0.0,27.125,277.375,20.63
2023-02-20T12:00:00Z,0.0,27.125,277.375,20.83
2023-02-21T12:00:00Z,0.0,27.125,277.375,21.08
2023-02-22T12:00:00Z,0.0,27.125,277.375,21.34
2023-02-23T12:00:00Z,0.0,27.125,277.375,21.51
2023-02-24T12:00:00Z,0.0,27.125,277.375,21.85
2023-02-25T12:00:00Z,0.0,27.125,277.375,22.18
2023-02-26T12:00:00Z,0.0,27.125,277.375,22.31
2023-02-27T12:00:00Z,0.0,27.125,277.375,22.21
2023-02-28T12:00:00Z,0.0,27.125,277.375,22.38
2023-03-01T12:00:00Z,0.0,27.125,277.375,22.59
2023-03-02T12:00:00Z,0.0,27.125,277.375,22.75
2023-03-03T12:00:00Z,0.0,27.125,277.375,22.9
2023-03-04T12:00:00Z,0.0,27.125,277.375,23.14
2023-03-05T12:00:00Z,0.0,27.125,277.375,23.46
2023-03-06T12:00:00Z,0.0,27.125,277.375,23.71
2023-03-07T12:00:00Z,0.0,27.125,277.375,23.78
2023-03-08T12:00:00Z,0.0,27.125,277.375,23.68
2023-03-09T12:00:00Z,0.0,27.125,277.375,23.51
2023-03-10T12:00:00Z,0.0,27.125,277.375,23.36
2023-03-11T12:00:00Z,0.0,27.125,277.375,23.2
2023-03-12T12:00:00Z,0.0,27.125,277.375,23.09
2023-03-13T12:00:00Z,0.0,27.125,277.375,23.13
2023-03-14T12:00:00Z,0.0,27.125,277.375,23.1
2023-03-15T12:00:00Z,0.0,27.125,277.375,22.81
2023-03-16T12:00:00Z,0.0,27.125,277.375,22.34
2023-03-17T12:00:00Z,0.0,27.125,277.375,22.24
2023-03-18T12:00:00Z,0.0,27.125,277.375,22.37
2023-03-19T12:00:00Z,0.0,27.125,277.375,22.46
2023-03-20T12:00:00Z,0.0,27.125,277.375,22.14
2023-03-21T12:00:00Z,0.0,27.125,277.375,21.86
2023-03-22T12:00:00Z,0.0,27.125,277.375,21.75
2023-03-23T12:00:00Z,0.0,27.125,277.375,21.84
2023-03-24T12:00:00Z,0.0,27.125,277.375,22.07
2023-03-25T12:00:00Z,0.0,27.125,277.375,22.39
2023-03-26T12:00:00Z,0.0,27.125,277.375,22.88
2023-03-27T12:00:00Z,0.0,27.125,277.375,23.48
2023-03-28T12:00:00Z,0.0,27.125,277.375,24.06
2023-03-29T12:00:00Z,0.0,27.125,277.375,24.28
2023-03-30T12:00:00Z,0.0,27.125,277.375,24.16
2023-03-31T12:00:00Z,0.0,27.125,277.375,23.89
2023-04-01T12:00:00Z,0.0,27.125,277.375,23.88
2023-04-02T12:00:00Z,0.0,27.125,277.375,24.07
2023-04-03T12:00:00Z,0.0,27.125,277.375,24.39
2023-04-04T12:00:00Z,0.0,27.125,277.375,24.74
2023-04-05T12:00:00Z,0.0,27.125,277.375,24.92
2023-04-06T12:00:00Z,0.0,27.125,277.375,24.98
2023-04-07T12:00:00Z,0.0,27.125,277.375,25.27
2023-04-08T12:00:00Z,0.0,27.125,277.375,25.44
2023-04-09T12:00:00Z,0.0,27.125,277.375,25.43
2023-04-10T12:00:00Z,0.0,27.125,277.375,25.35
2023-04-11T12:00:00Z,0.0,27.125,277.375,25.24
2023-04-12T12:00:00Z,0.0,27.125,277.375,24.88
2023-04-13T12:00:00Z,0.0,27.125,277.375,24.57
2023-04-14T12:00:00Z,0.0,27.125,277.375,24.7
2023-04-15T12:00:00Z,0.0,27.125,277.375,24.93
2023-04-16T12:00:00Z,0.0,27.125,277.375,25.01
2023-04-17T12:00:00Z,0.0,27.125,277.375,24.92
2023-04-18T12:00:00Z,0.0,27.125,277.375,24.83
2023-04-19T12:00:00Z,0.0,27.125,277.375,24.76
2023-04-20T12:00:00Z,0.0,27.125,277.375,24.78
2023-04-21T12:00:00Z,0.0,27.125,277.375,24.79
2023-04-22T12:00:00Z,0.0,27.125,277.375,24.92
2023-04-23T12:00:00Z,0.0,27.125,277.375,25.21
2023-04-24T12:00:00Z,0.0,27.125,277.375,25.33
2023-04-25T12:00:00Z,0.0,27.125,277.375,25.36
2023-04-26T12:00:00Z,0.0,27.125,277.375,25.53
2023-04-27T12:00:00Z,0.0,27.125,277.375,25.65
2023-04-28T12:00:00Z,0.0,27.125,277.375,26.02
2023-04-29T12:00:00Z,0.0,27.125,277.375,26.04
2023-04-30T12:00:00Z,0.0,27.125,277.375,25.92
2023-05-01T12:00:00Z,0.0,27.125,277.375,25.84
2023-05-02T12:00:00Z,0.0,27.125,277.375,25.76
2023-05-03T12:00:00Z,0.0,27.125,277.375,25.6
2023-05-04T12:00:00Z,0.0,27.125,277.375,25.5
2023-05-05T12:00:00Z,0.0,27.125,277.375,25.5
2023-05-06T12:00:00Z,0.0,27.125,277.375,25.56
2023-05-07T12:00:00Z,0.0,27.125,277.375,25.69
2023-05-08T12:00:00Z,0.0,27.125,277.375,25.74
2023-05-09T12:00:00Z,0.0,27.125,277.375,25.81
2023-05-10T12:00:00Z,0.0,27.125,277.375,25.88
2023-05-11T12:00:00Z,0.0,27.125,277.375,25.93
2023-05-12T12:00:00Z,0.0,27.125,277.375,26.24
2023-05-13T12:00:00Z,0.0,27.125,277.375,26.51
2023-05-14T12:00:00Z,0.0,27.125,277.375,26.61
2023-05-15T12:00:00Z,0.0,27.125,277.375,26.76
2023-05-16T12:00:00Z,0.0,27.125,277.375,26.83
2023-05-17T12:00:00Z,0.0,27.125,277.375,26.94
2023-05-18T12:00:00Z,0.0,27.125,277.375,27.19
2023-05-19T12:00:00Z,0.0,27.125,277.375,27.42
2023-05-20T12:00:00Z,0.0,27.125,277.375,27.49
2023-05-21T12:00:00Z,0.0,27.125,277.375,27.67
2023-05-22T12:00:00Z,0.0,27.125,277.375,27.85
2023-05-23T12:00:00Z,0.0,27.125,277.375,27.94
2023-05-24T12:00:00Z,0.0,27.125,277.375,27.85
2023-05-25T12:00:00Z,0.0,27.125,277.375,27.61
2023-05-26T12:00:00Z,0.0,27.125,277.375,27.41
2023-05-27T12:00:00Z,0.0,27.125,277.375,27.25
2023-05-28T12:00:00Z,0.0,27.125,277.375,27.08
2023-05-29T12:00:00Z,0.0,27.125,277.375,26.92
2023-05-30T12:00:00Z,0.0,27.125,277.375,26.76
2023-05-31T12:00:00Z,0.0,27.125,277.375,26.7
2023-06-01T12:00:00Z,0.0,27.125,277.375,26.67
2023-06-02T12:00:00Z,0.0,27.125,277.375,26.65
2023-06-03T12:00:00Z,0.0,27.125,277.375,26.71
2023-06-04T12:00:00Z,0.0,27.125,277.375,26.81
2023-06-05T12:00:00Z,0.0,27.125,277.375,26.9
2023-06-06T12:00:00Z,0.0,27.125,277.375,26.99
2023-06-07T12:00:00Z,0.0,27.125,277.375,27.09
2023-06-08T12:00:00Z,0.0,27.125,277.375,27.22
2023-06-09T12:00:00Z,0.0,27.125,277.375,27.45
2023-06-10T12:00:00Z,0.0,27.125,277.375,27.72
2023-06-11T12:00:00Z,0.0,27.125,277.375,27.78
2023-06-12T12:00:00Z,0.0,27.125,277.375,28.0
2023-06-13T12:00:00Z,0.0,27.125,277.375,28.35
2023-06-14T12:00:00Z,0.0,27.125,277.375,28.55
2023-06-15T12:00:00Z,0.0,27.125,277.375,28.69
2023-06-16T12:00:00Z,0.0,27.125,277.375,28.81
2023-06-17T12:00:00Z,0.0,27.125,277.375,28.87
2023-06-18T12:00:00Z,0.0,27.125,277.375,28.78
2023-06-19T12:00:00Z,0.0,27.125,277.375,28.76
2023-06-20T12:00:00Z,0.0,27.125,277.375,28.87
2023-06-21T12:00:00Z,0.0,27.125,277.375,28.81
2023-06-22T12:00:00Z,0.0,27.125,277.375,28.65
2023-06-23T12:00:00Z,0.0,27.125,277.375,28.67
2023-06-24T12:00:00Z,0.0,27.125,277.375,29.0
2023-06-25T12:00:00Z,0.0,27.125,277.375,29.17
2023-06-26T12:00:00Z,0.0,27.125,277.375,29.51
2023-06-27T12:00:00Z,0.0,27.125,277.375,29.71
2023-06-28T12:00:00Z,0.0,27.125,277.375,29.83
2023-06-29T12:00:00Z,0.0,27.125,277.375,29.97
2023-06-30T12:00:00Z,0.0,27.125,277.375,30.05
2023-07-01T12:00:00Z,0.0,27.125,277.375,30.24
2023-07-02T12:00:00Z,0.0,27.125,277.375,30.41
2023-07-03T12:00:00Z,0.0,27.125,277.375,30.58
2023-07-04T12:00:00Z,0.0,27.125,277.375,30.74
2023-07-05T12:00:00Z,0.0,27.125,277.375,30.96
2023-07-06T12:00:00Z,0.0,27.125,277.375,31.22
2023-07-07T12:00:00Z,0.0,27.125,277.375,31.3
2023-07-08T12:00:00Z,0.0,27.125,277.375,31.29
2023-07-09T12:00:00Z,0.0,27.125,277.375,31.15
2023-07-10T12:00:00Z,0.0,27.125,277.375,30.99
2023-07-11T12:00:00Z,0.0,27.125,277.375,30.93
2023-07-12T12:00:00Z,0.0,27.125,277.375,30.98
2023-07-13T12:00:00Z,0.0,27.125,277.375,31.15
2023-07-14T12:00:00Z,0.0,27.125,277.375,31.15
2023-07-15T12:00:00Z,0.0,27.125,277.375,31.01
2023-07-16T12:00:00Z,0.0,27.125,277.375,31.07
2023-07-17T12:00:00Z,0.0,27.125,277.375,31.23
2023-07-18T12:00:00Z,0.0,27.125,277.375,31.25
2023-07-19T12:00:00Z,0.0,27.125,277.375,31.46
2023-07-20T12:00:00Z,0.0,27.125,277.375,31.45
2023-07-21T12:00:00Z,0.0,27.125,277.375,31.45
2023-07-22T12:00:00Z,0.0,27.125,277.375,31.61
2023-07-23T12:00:00Z,0.0,27.125,277.375,31.57
2023-07-24T12:00:00Z,0.0,27.125,277.375,31.49
2023-07-25T12:00:00Z,0.0,27.125,277.375,31.5
2023-07-26T12:00:00Z,0.0,27.125,277.375,31.46
2023-07-27T12:00:00Z,0.0,27.125,277.375,31.4
2023-07-28T12:00:00Z,0.0,27.125,277.375,31.24
2023-07-29T12:00:00Z,0.0,27.125,277.375,31.26
2023-07-30T12:00:00Z,0.0,27.125,277.375,31.45
2023-07-31T12:00:00Z,0.0,27.125,277.375,31.5
2023-08-01T12:00:00Z,0.0,27.125,277.375,31.51
2023-08-02T12:00:00Z,0.0,27.125,277.375,31.57
2023-08-03T12:00:00Z,0.0,27.125,277.375,31.49
2023-08-04T12:00:00Z,0.0,27.125,277.375,31.59
2023-08-05T12:00:00Z,0.0,27.125,277.375,31.6
2023-08-06T12:00:00Z,0.0,27.125,277.375,31.69
2023-08-07T12:00:00Z,0.0,27.125,277.375,31.9
2023-08-08T12:00:00Z,0.0,27.125,277.375,32.02
2023-08-09T12:00:00Z,0.0,27.125,277.375,32.09
2023-08-10T12:00:00Z,0.0,27.125,277.375,32.19
2023-08-11T12:00:00Z,0.0,27.125,277.375,32.33
2023-08-12T12:00:00Z,0.0,27.125,277.375,32.43
2023-08-13T12:00:00Z,0.0,27.125,277.375,32.53
2023-08-14T12:00:00Z,0.0,27.125,277.375,32.48
2023-08-15T12:00:00Z,0.0,27.125,277.375,32.42
2023-08-16T12:00:00Z,0.0,27.125,277.375,32.49
2023-08-17T12:00:00Z,0.0,27.125,277.375,32.25
2023-08-18T12:00:00Z,0.0,27.125,277.375,32.04
2023-08-19T12:00:00Z,0.0,27.125,277.375,31.93
2023-08-20T12:00:00Z,0.0,27.125,277.375,31.68
2023-08-21T12:00:00Z,0.0,27.125,277.375,31.41
2023-08-22T12:00:00Z,0.0,27.125,277.375,31.22
2023-08-23T12:00:00Z,0.0,27.125,277.375,31.24
2023-08-24T12:00:00Z,0.0,27.125,277.375,31.17
2023-08-25T12:00:00Z,0.0,27.125,277.375,31.08
2023-08-26T12:00:00Z,0.0,27.125,277.375,30.96
2023-08-27T12:00:00Z,0.0,27.125,277.375,30.85
2023-08-28T12:00:00Z,0.0,27.125,277.375,30.86
2023-08-29T12:00:00Z,0.0,27.125,277.375,30.88
2023-08-30T12:00:00Z,0.0,27.125,277.375,30.45
2023-08-31T12:00:00Z,0.0,27.125,277.375,30.37
2023-09-01T12:00:00Z,0.0,27.125,277.375,30.57
2023-09-02T12:00:00Z,0.0,27.125,277.375,30.41
2023-09-03T12:00:00Z,0.0,27.125,277.375,30.29
2023-09-04T12:00:00Z,0.0,27.125,277.375,30.18
2023-09-05T12:00:00Z,0.0,27.125,277.375,30.08
2023-09-06T12:00:00Z,0.0,27.125,277.375,30.15
2023-09-07T12:00:00Z,0.0,27.125,277.375,30.23
2023-09-08T12:00:00Z,0.0,27.125,277.375,30.25
2023-09-09T12:00:00Z,0.0,27.125,277.375,30.37
2023-09-10T12:00:00Z,0.0,27.125,277.375,30.48
2023-09-11T12:00:00Z,0.0,27.125,277.375,30.65
2023-09-12T12:00:00Z,0.0,27.125,277.375,30.68
2023-09-13T12:00:00Z,0.0,27.125,277.375,30.77
2023-09-14T12:00:00Z,0.0,27.125,277.375,30.75
2023-09-15T12:00:00Z,0.0,27.125,277.375,30.76
2023-09-16T12:00:00Z,0.0,27.125,277.375,30.82
2023-09-17T12:00:00Z,0.0,27.125,277.375,30.8
2023-09-18T12:00:00Z,0.0,27.125,277.375,30.75
2023-09-19T12:00:00Z,0.0,27.125,277.375,30.72
2023-09-20T12:00:00Z,0.0,27.125,277.375,30.41
2023-09-21T12:00:00Z,0.0,27.125,277.375,30.18
2023-09-22T12:00:00Z,0.0,27.125,277.375,30.02
2023-09-23T12:00:00Z,0.0,27.125,277.375,29.87
2023-09-24T12:00:00Z,0.0,27.125,277.375,29.71
2023-09-25T12:00:00Z,0.0,27.125,277.375,29.62
2023-09-26T12:00:00Z,0.0,27.125,277.375,29.48
2023-09-27T12:00:00Z,0.0,27.125,277.375,29.22
2023-09-28T12:00:00Z,0.0,27.125,277.375,29.23
2023-09-29T12:00:00Z,0.0,27.125,277.375,29.24
2023-09-30T12:00:00Z,0.0,27.125,277.375,29.23
2023-10-01T12:00:00Z,0.0,27.125,277.375,29.24
2023-10-02T12:00:00Z,0.0,27.125,277.375,29.16
2023-10-03T12:00:00Z,0.0,27.125,277.375,28.97
2023-10-04T12:00:00Z,0.0,27.125,277.375,28.76
2023-10-05T12:00:00Z,0.0,27.125,277.375,28.7
2023-10-06T12:00:00Z,0.0,27.125,277.375,28.79
2023-10-07T12:00:00Z,0.0,27.125,277.375,28.77
2023-10-08T12:00:00Z,0.0,27.125,277.375,28.69
2023-10-09T12:00:00Z,0.0,27.125,277.375,28.52
2023-10-10T12:00:00Z,0.0,27.125,277.375,28.27
2023-10-11T12:00:00Z,0.0,27.125,277.375,28.16
2023-10-12T12:00:00Z,0.0,27.125,277.375,28.02
2023-10-13T12:00:00Z,0.0,27.125,277.375,28.05
2023-10-14T12:00:00Z,0.0,27.125,277.375,28.06
2023-10-15T12:00:00Z,0.0,27.125,277.375,28.0
2023-10-16T12:00:00Z,0.0,27.125,277.375,27.7
2023-10-17T12:00:00Z,0.0,27.125,277.375,26.93
2023-10-18T12:00:00Z,0.0,27.125,277.375,26.23
2023-10-19T12:00:00Z,0.0,27.125,277.375,25.89
2023-10-20T12:00:00Z,0.0,27.125,277.375,25.83
2023-10-21T12:00:00Z,0.0,27.125,277.375,25.94
2023-10-22T12:00:00Z,0.0,27.125,277.375,26.01
2023-10-23T12:00:00Z,0.0,27.125,277.375,26.25
2023-10-24T12:00:00Z,0.0,27.125,277.375,26.35
2023-10-25T12:00:00Z,0.0,27.125,277.375,26.42
2023-10-26T12:00:00Z,0.0,27.125,277.375,26.28
2023-10-27T12:00:00Z,0.0,27.125,277.375,26.11
2023-10-28T12:00:00Z,0.0,27.125,277.375,26.04
2023-10-29T12:00:00Z,0.0,27.125,277.375,26.01
2023-10-30T12:00:00Z,0.0,27.125,277.375,26.1
2023-10-31T12:00:00Z,0.0,27.125,277.375,26.16
2023-11-01T12:00:00Z,0.0,27.125,277.375,25.96
2023-11-02T12:00:00Z,0.0,27.125,277.375,25.44
2023-11-03T12:00:00Z,0.0,27.125,277.375,24.98
2023-11-04T12:00:00Z,0.0,27.125,277.375,24.76
2023-11-05T12:00:00Z,0.0,27.125,277.375,24.51
2023-11-06T12:00:00Z,0.0,27.125,277.375,24.21
2023-11-07T12:00:00Z,0.0,27.125,277.375,24.2
2023-11-08T12:00:00Z,0.0,27.125,277.375,24.28
2023-11-09T12:00:00Z,0.0,27.125,277.375,24.48
2023-11-10T12:00:00Z,0.0,27.125,277.375,24.82
2023-11-11T12:00:00Z,0.0,27.125,277.375,25.24
2023-11-12T12:00:00Z,0.0,27.125,277.375,25.59
2023-11-13T12:00:00Z,0.0,27.125,277.375,25.63
2023-11-14T12:00:00Z,0.0,27.125,277.375,25.4
2023-11-15T12:00:00Z,0.0,27.125,277.375,24.95
2023-11-16T12:00:00Z,0.0,27.125,277.375,24.88
2023-11-17T12:00:00Z,0.0,27.125,277.375,24.58
2023-11-18T12:00:00Z,0.0,27.125,277.375,24.33
2023-11-19T12:00:00Z,0.0,27.125,277.375,24.36
2023-11-20T12:00:00Z,0.0,27.125,277.375,24.47
2023-11-21T12:00:00Z,0.0,27.125,277.375,24.54
2023-11-22T12:00:00Z,0.0,27.125,277.375,24.54
2023-11-23T12:00:00Z,0.0,27.125,277.375,24.38
2023-11-24T12:00:00Z,0.0,27.125,277.375,24.19
2023-11-25T12:00:00Z,0.0,27.125,277.375,23.93
2023-11-26T12:00:00Z,0.0,27.125,277.375,23.51
2023-11-27T12:00:00Z,0.0,27.125,277.375,23.4
2023-11-28T12:00:00Z,0.0,27.125,277.375,23.22
2023-11-29T12:00:00Z,0.0,27.125,277.375,22.55
2023-11-30T12:00:00Z,0.0,27.125,277.375,22.13
2023-12-01T12:00:00Z,0.0,27.125,277.375,22.19
2023-12-02T12:00:00Z,0.0,27.125,277.375,22.38
2023-12-03T12:00:00Z,0.0,27.125,277.375,22.84
2023-12-04T12:00:00Z,0.0,27.125,277.375,23.18
2023-12-05T12:00:00Z,0.0,27.125,277.375,23.08
2023-12-06T12:00:00Z,0.0,27.125,277.375,22.67
2023-12-07T12:00:00Z,0.0,27.125,277.375,22.26
2023-12-08T12:00:00Z,0.0,27.125,277.375,22.01
2023-12-09T12:00:00Z,0.0,27.125,277.375,21.87
2023-12-10T12:00:00Z,0.0,27.125,277.375,21.88
2023-12-11T12:00:00Z,0.0,27.125,277.375,21.87
2023-12-12T12:00:00Z,0.0,27.125,277.375,21.83
2023-12-13T12:00:00Z,0.0,27.125,277.375,21.3
2023-12-14T12:00:00Z,0.0,27.125,277.375,20.93
2023-12-15T12:00:00Z,0.0,27.125,277.375,20.69
2023-12-16T12:00:00Z,0.0,27.125,277.375,20.64
2023-12-17T12:00:00Z,0.0,27.125,277.375,20.64
2023-12-18T12:00:00Z,0.0,27.125,277.375,20.42
2023-12-19T12:00:00Z,0.0,27.125,277.375,20.13
2023-12-20T12:00:00Z,0.0,27.125,277.375,19.67
2023-12-21T12:00:00Z,0.0,27.125,277.375,19.31
2023-12-22T12:00:00Z,0.0,27.125,277.375,19.2
2023-12-23T12:00:00Z,0.0,27.125,277.375,19.01
2023-12-24T12:00:00Z,0.0,27.125,277.375,18.95
2023-12-25T12:00:00Z,0.0,27.125,277.375,19.3
2023-12-26T12:00:00Z,0.0,27.125,277.375,19.74
2023-12-27T12:00:00Z,0.0,27.125,277.375,19.64
2023-12-28T12:00:00Z,0.0,27.125,277.375,19.68
2023-12-29T12:00:00Z,0.0,27.125,277.375,19.5
2023-12-30T12:00:00Z,0.0,27.125,277.375,19.35
2023-12-31T12:00:00Z,0.0,27.125,277.375,19.1
